ลำดับ,name,accident,injured,death,summary,ปี
1,,อัคคีภัย,0,0,เครื่องจักรไม่ได้ต่อสายดินทำให้เกิดไฟฟ้าสถิต,2544
2,,ท่อออกซิเจนระเบิด,2,2,ขาดการบำรุงรักษาและตรวจสอบสภาพท่อออกซิเจน,2544
3,,หม้อไอน้ำระเบิด,1,1,หม้อไอน้ำสร้างไม่ถูกแบบและไม่ได้มาตรฐาน,2544
4,,อัคคีภัย,0,0,สะเก็ดไฟจากท่อรถเกลี่ยมะพร้าวกระเด็นไปตกที่เส้นใยมะพร้าว,2544
5,,อัคคีภัย,0,0,ไฟฟ้าลัดวงจร,2544
6,,อัคคีภัย,0,0,ไม่ทราบสาเหตุ,2544
7,,อัคคีภัย,1,0,ไม่มีการระบายไอสารติดไฟ,2544
8,,อัคคีภัย,0,0,เครื่องจักรไม่มีครอบป้องกันประกายไฟ,2544
9,,อัคคีภัย,0,0,ความร้อนในห้องรมควันยางสูงผิดปกติ,2544
10,,วาล์วจ่ายไอน้ำระเบิด,0,1,แนวเส้นผ่าศูนย์กลางของท่อจ่ายไอน้ำไม่ตรงกับแนวเส้นผ่าศูนย์กลางของท่อทางเข้าที่ Header จุงเกิดความเค้นในเนือโลหะของวาล์วจำนวนมาก,2544
11,,อัคคีภัย,0,0,ไฟฟ้าลัดวงจร,2544
12,,คานเหล็กหล่นทับคนงาน,0,0,ความประมาทของคนงาน,2544
13,,ระเบิด,20,13,การจัดเก็บสารเคมีอันตรายไม่ถูกต้องปลอดภัย,2544
14,,อัคคีภัย,0,0,ไฟฟ้าลัดวงจร,2544
15,,ระเบิด,2,2,ความประมาทของคนงาน,2544
16,,หม้อไอน้ำระเบิด,3,0,ออกแบบไม่ถูกต้อง,2544
17,,อัคคีภัย,0,0,ไม่ทราบสาเหตุ,2544
18,,อัคคีภัย,0,0,ไฟฟ้าลัดวงจร,2544
19,,อัคคีภัย,0,0,ไฟฟ้าลัดวงจร,2544
20,บ.คีดอยเพลนท์,อัคคีภัย,0,0,ไฟฟ้าลัดวงจร,2545
21,บ.ปิคนิคพลาสอินดัสเทรียล,ระเบิด,15,1,ความประมาทของคนงาน,2545
22,บ.โบฟา อินเตอร์แนลชัลแนล,อัคคีภัย,0,0,ไฟฟ้าลัดวงจร,2545
23,บ.ดีสสโตน จก.,อัคคีภัย,0,0,ความประมาทของคนงาน,2545
24,บ.ที.ซี.เอส,อัคคีภัย,0,0,ความประมาทของคนงาน,2545
25,บ.อุตสาหกรรมแป้ง,ระเบิด,4,2,ความประมาทของคนงาน,2545
26,บ.เดลต้า ,อาคารถล่ม,54,8,ออกแบบไม่ถูกต้อง,2545
27,สหวัฒน์อุตสาหกรรม,อัคคีภัย,0,0,ไฟฟ้าลัดวงจร,2545
28,บ.เลิศวัฒนกิจ,อัคคีภัย,0,0,ไฟฟ้าลัดวงจร,2545
29,บ.แอนนาฟลาวเวอร์,อัคคีภัย,0,0,ไม่ทราบสาเหตุ,2545
30,พงษ์สวัสดิ์เฟอร์นิเจอร์,อัคคีภัย,0,0,ความประมาทของคนงาน,2545
31,บ.สยามอุตสาหรกรรมยิปซั่ม,อัคคีภัย,0,0,ของชำรุด,2545
32,บ.สาย 5 ผลิตก๊าซ,อัคคีภัย,0,0,ไม่ทราบสาเหตุ,2545
33,นายสุรเดช เทียนสุวรรณ,อัคคีภัย,9,0,ของชำรุด,2545
34,โรงงานน้ำตาลสิงห์,เครื่องจักรกระแทก,2,0,ของชำรุด,2545
35,บ.สุรช จก.,เครื่องจักรหนีบ,1,0,ความประมาทของคนงาน,2545
36,บ.มอนเทอรย์เอเชีย,อาคารถล่ม,0,0,สภาพอากาศ,2545
37,นายพงษ์สวัสดิ์ ลอสุขสวัสดิ์,อัคคีภัย,0,0,ไม่ทราบสาเหตุ,2545
38,บ.ชลบุรี ศาลาคู่ จก.,อัคคีภัย,0,0,ความประมาทของคนงาน,2545
39,บ.ไทยโด โน เกน เกน ,อัคคีภัย,0,0,ความประมาทของคนงาน,2545
40,บ.แอสแพค ออยส์ ,อัคคีภัย,0,0,ไม่ทราบสาเหตุ,2545
41,บ.ชีค เทรดดิ้ง จก,อัคคีภัย,0,0,ไม่ทราบสาเหตุ,2545
42,บ.ตั้งหยูเม้งอุตสาหรกรรม,อัคคีภัย,0,0,ไม่ทราบสาเหตุ,2545
43,บ.ปัญจพล,อัคคีภัย,0,0,ไฟฟ้าลัดวงจร,2545
44,บ.นิเด็คอีเลค,อัคคีภัย,0,0,ออกแบบไม่ถูกต้อง,2545
45,บ.ไทยอินเตอร์,ระเบิด,2,2,ความประมาทของคนงาน,2545
46,โฮยาออปติค,อัคคีภัย,0,0,ไม่ทราบสาเหตุ,2545
47,บ.จงเฮงฟลาวเวอร์,อัคคีภัย,0,0,ไฟฟ้าลัดวงจร,2545
48,บ.ไทยโด โน เกน เกน ,อัคคีภัย,0,0,ความประมาทของคนงาน,2545
49,บ.ฝ้ายเมืองเลย จก ,อัคคีภัย,0,0,ไฟฟ้าลัดวงจร,2545
50,โรงไฟฟ้าแม่เมาะ,อัคคีภัย,0,0,ของชำรุด,2545
51,บ.โรงงานทอผ้า,อัคคีภัย,0,0,ของชำรุด,2545
52,หจก.จุ๊งโฟ,อัคคีภัย,0,0,ไฟฟ้าลัดวงจร,2545
53,บ.น่ำเฮงฮวด,อัคคีภัย,0,0,ความประมาทของคนงาน,2545
54,โรงงานเจ อาร์ น่ำแข็งหลอด,ก๊าซแอมโมเนียรั่ว,10,1,ออกแบบไม่ถูกต้อง,2545
55,บ.เอสทีเอ เอ็มดีเอฟ จก,อัคคีภัย,0,0,ของชำรุด,2545
56,นายสมคอย จันทร์ผลิน,ระเบิด,2,0,ความประมาทของคนงาน,2545
57,บ.โมดอร์นเฟรมจก,อัคคีภัย,0,0,ไฟฟ้าลัดวงจร,2545
58,บ.ช.มหกิจไพศาล จก,อัคคีภัย,0,0,ไม่ทราบสาเหตุ,2545
59,บ.บีเอส ที อิลาสโตเมอร์,อัคคีภัย,0,0,ความประมาทของคนงาน,2545
60,บ.สากลน่ำกลั่น จก ,ก๊าซแอมโมเนียรั่ว,0,0,ของชำรุด,2545
61,หจก.ไทยก๊าซ,ท่อออกซิเจนระเบิด,2,1,ของชำรุด,2545
62,บ.พีพี ยูเนี่ยนบลอก,ก๊าซแอมโมเนียรั่ว,0,0,ของชำรุด,2545
63,นายเกรียงไกร อุทิศบุญ,อัคคีภัย,0,0,ไม่ทราบสาเหตุ,2545
64,บ.สยามบรรจุภัณ,อัคคีภัย,0,0,ความประมาทของคนงาน,2545
65,บ.วงศ์บัณทิต,อัคคีภัย,0,0,ไม่ทราบสาเหตุ,2545
66,บ.ทวีทรัพย์รับเบอร์,ไฟฟ้าดูด,4,0,ของชำรุด,2545
67,บ.ปุ๋ยไวกิ้ง,อัคคีภัย,0,0,ไฟฟ้าลัดวงจร,2545
68,หจก.สหโรจน์การทอ,อัคคีภัย,0,0,ไฟฟ้าลัดวงจร,2545
69,บ.ทวีศักดิ์กิตติยา,อัคคีภัย,0,0,ไฟฟ้าลัดวงจร,2545
70,บ.ฟาร์อีสการทออุตสาหกรรม,อัคคีภัย,0,0,ความประมาทของคนงาน,2545
71,บ.ไทยสปินนิ่ง,อาคารถล่ม,0,0,อาคารชำรุด,2545
72,บ.ซี เอ เทคโนโลยี,อัคคีภัย,1,0,ไฟฟ้าลัดวงจร,2545
72,บ.ตรังไม้ยางพารา,อัคคีภัย,0,0,ไฟฟ้าลัดวงจร,2545
73,บ.ฮ่วยช่วน,อัคคีภัย,2,0,ความประมาทของคนงาน,2545
74,บ.ชุมแพเมืองทองการเกษตร,เครื่องจักร,0,1,ความประมาทของคนงาน,2545
75,บ.บลูริบบอนมาร์เก็ตติ้ง,อัคคีภัย,0,0,ไม่ทราบสาเหตุ,2545
76,บ.ยังแมน จก,อัคคีภัย,0,0,ไม่ทราบสาเหตุ,2545
77,บ.ยางทองลาเท็กซ์,อัคคีภัย,0,0,ความประมาทของคนงาน,2545
78,หจก.ลิ่วสัมฤทธิ์,เครื่องจักร,1,0,ความประมาทของคนงาน,2545
79,บ.โรงงานแสงเจริญ,อัคคีภัย,0,0,ความประมาทของคนงาน,2545
80,บ.สยามคาสเทค จก,ระเบิด,3,0,ความประมาทของคนงาน,2545
81,นายกนกศักดิ์ กองสาสนะ,ระเบิด,5,0,ไม่ทราบสาเหตุ,2545
82,บ.บีเอ็น เอส อุตสาหกรรม,อัคคีภัย,0,0,ความประมาทของคนงาน,2545
83,บ.โรงสีศรีสกลค้าข้าว,อัคคีภัย,0,0,ไม่ทราบสาเหตุ,2545
84,บ.ไทย เยอะรมัน โปรดัก,อัคคีภัย,0,0,ไม่ทราบสาเหตุ,2545
85,นางส่งศรี จงยิ่งยศ,อัคคีภัย,0,0,ไม่ทราบสาเหตุ,2545
86,บ.ยิ่งยงไฟเบอร์,อัคคีภัย,0,0,ไฟฟ้าลัดวงจร,2547
87,บ.บดินทร์ ฟุตแวร์,อัคคีภัย,0,0,ไฟฟ้าลัดวงจร,2547
88,บ.ทวีทรัพย์รับเบอร์,อัคคีภัย,0,0,ความประมาทของคนงาน,2547
89,บ.เอ็มซี น้ำแข็งหลอด,ก๊าซแอมโมเนียรั่ว,5,0,ของชำรุด,2547
90,บ.เคมเม็กอุตสาหกรรม,ระเบิด,0,0,ของชำรุด,2547
91,บ.ลาวัณย์วิสุทธิ์พลาสติกไทย,เครื่องจักร,0,1,ความประมาทของคนงาน,2547
92,บ.แมกซิตรอน จก,อัคคีภัย,0,0,ไฟฟ้าลัดวงจร,2547
93,บ.บุญมาแพ็คเกจจิ้ง,อัคคีภัย,2,0,ไฟฟ้าลัดวงจร,2547
94,บ.สงวนไทยจงเจริญ จก,อัคคีภัย,0,0,ไฟฟ้าลัดวงจร,2547
95,บ.เอสโซ่,อัคคีภัย,7,0,ไฟฟ้าลัดวงจร,2547
96,บ.บุญชัย ฟูด โปรดักท์,อัคคีภัย,0,0,ความประมาทของคนงาน,2547
97,บ.คอนทิเนนทอล,สารเคมีรั่วไหล,0,,ความประมาทของคนงาน,2547
98,บ.เอสทีเอ ปาร์ติเกิล,อัคคีภัย,0,0,ไฟฟ้าลัดวงจร,2547
99,บ.ยูไนเต็ดอินดัสเตรีบล,ท่อออกซิเจนระเบิด,0,0,ของชำรุด,2547
100,บ.น่ำแข็งมิตรสตูล,อัคคีภัย,0,0,ความประมาทของคนงาน,2547
101,นายเรืองศักดิ์ รุ่งไมตรี,ก๊าซแอมโมเนียรั่ว,0,0,ของชำรุด,2547
102,หจก.ปัตตานีซุ่นเอง,อัคคีภัย,0,0,ความประมาทของคนงาน,2547
103,บ.เนาวรัตน์พัฒนาการ,เครนล้นทับ,0,2,ความประมาทของคนงาน,2547
104,บ.อันดามันซีฟู้ด,ก๊าซแอมโมเนียรั่ว,66,0,ของชำรุด,2547
105,บ.อินเตอร์ คลัทดิส,อัคคีภัย,0,0,ไม่ทราบสาเหตุ,2547
106,บ.แปซิฟิค มารีน ฟู้ด,หม้อไอน้ำระเบิด,0,0,ออกแบบไม่ถูกต้อง,2547
107,บ.ไทยเรยอนจก.,สารเคมีรั่วไหล,1,2,ของชำรุด,2547
108,บ.เอสเคเอ็มโพลิเมอร์,อัคคีภัย,0,0,ความประมาทของคนงาน,2547
109,บ.ไทยแอลกอฮอล์,ถังแอลกอฮอล์ ระเบิด,3,0,ความประมาทของคนงาน,2547
110,บ.สยามน้ำมันพืช,ระเบิด,0,1,ความประมาทของคนงาน,2547
111,บ.ปูนซีเมนต์นครหลวง,ระเบิด,6,3,ความประมาทของคนงาน,2547
112,บ.ปัตตานีอุตสาหกรรม,อัคคีภัย,0,0,ไฟฟ้าลัดวงจร,2547
113,บ.สยามฟองน้ำโฟม จก ,อัคคีภัย,0,0,ความประมาทของคนงาน,2547
114,บ.ยูเนี่ยนพัฒนกิจ,อัคคีภัย,0,0,ความประมาทของคนงาน,2547
115,บ.พดลชัย เคหะภัณ,อาคารถล่ม,1,0,ความประมาทของคนงาน,2547
116,หจก.แม่ปิง,ท่อออกซิเจนระเบิด,1,1,ของชำรุด,2547
117,บ.ไทยโอเลฟินส์,อัคคีภัย,0,0,ของชำรุด,2547
118,บ.ยานภัณ,อาคารถล่ม,1,0,ความประมาทของคนงาน,2547
119,นายอนุรักษ์ สีละบรรยงค์,อัคคีภัย,0,0,ไฟฟ้าลัดวงจร,2547
120,บ.ยูนิรับเบอร์,อัคคีภัย,0,0,ไฟฟ้าลัดวงจร,2547
121,บ.ยอดชัยพฤกษ์ผลิตภัณ,อัคคีภัย,0,0,ไฟฟ้าลัดวงจร,2547
122,บ.รอแยลฟูดส์,อัคคีภัย,0,0,ความประมาทของคนงาน,2547
123,นายสมบูรณ์ เจียมวิทย์ศรีกุล,อัคคีภัย,0,0,ไฟฟ้าลัดวงจร,2547
124,บ.สมบูรณ์ทิพย์,อัคคีภัย,0,0,ไฟฟ้าลัดวงจร,2547
125,บ.ศรีครัง,อัคคีภัย,0,0,ไฟฟ้าลัดวงจร,2547
126,บ.วีไทร์ แอนด์ รับเบอร์,อัคคีภัย,2,0,ความประมาทของคนงาน,2547
127,บ.ผลิตภัณฟาไทยอมรัฟูด,อัคคีภัย,0,0,ความประมาทของคนงาน,2547
128,บ.ยูซาน เอ็นเตอร์ไพรส์,อัคคีภัย,0,0,ไฟฟ้าลัดวงจร,2547
129,หจก.มาบตาพุดไทยเพรส,อัคคีภัย,0,0,ความประมาทของคนงาน,2547
130,บ.บี ไรท์ รับเบอร์ จก.,อัคคีภัย,0,0,ของชำรุด,2547
131,นายอนุโรจน์ คงอุดมเกียรติ,อัคคีภัย,0,0,ความประมาทของคนงาน,2547
132,บ.เจ.เอสบี วายส์ ไฟเบอร์กลาส,อัคคีภัย,0,0,ไฟฟ้าลัดวงจร,2547
133,บ.อินดโดเลนส์,อัคคีภัย,59,0,ของชำรุด,2547
134,บ.แอดเวนเจอร์ไทย,อัคคีภัย,0,0,ออกแบบไม่ถูกต้อง,2547
135,บ.อโศกเคมีคอล,อัคคีภัย,0,1,วางเพลิง,2547
136,บ.ฮั้วฟงรับเบอร์,เครื่องจักร,1,0,ความประมาทของคนงาน,2547
137,หจก.โรงเลื่อยจักรไทยรุ่งเรื่อง,อัคคีภัย,0,0,ไฟฟ้าลัดวงจร,2547
138,บ.ระนองโฟรเซ่นฟู๊ดส์,ก๊าซแอมโมเนียรั่ว,7,0,ความประมาทของคนงาน,2547
139,บ.เด็นโซ่,เครื่องจักร,1,0,ความประมาทของคนงาน,2547
140,นางมะลิ พันธ์สถิตย์วงศ์,อัคคีภัย,0,3,ของชำรุด,2547
141,บ.สยามเจริญชัยอุตสาหกรรม,อัคคีภัย,0,0,ความประมาทของคนงาน,2547
142,นายประวิทย์ ตันติภาคย์,อัคคีภัย,8,3,ความประมาทของคนงาน,2547
143,หจก.นิวเวิลด์อินเตอร์เนชั่นแนล,อัคคีภัย,0,0,ไฟฟ้าลัดวงจร,2547
144,บ.เอเชียอุตสาหกรรม,อัคคีภัย,0,1,ไฟฟ้าลัดวงจร,2547
145,บ.ไทยยูเนี่ยน โฟรเซ่น,ก๊าซแอมโมเนียรั่ว,27,0,ความประมาทของคนงาน,2547
146,บ.อโศก เคมีคอล จก. ,ระเบิด,1,3,ความประมาทของคนงาน,2547
147,หจก.ธิดารัตน์กระดาษสา,ระเบิด,1,0,ความประมาทของคนงาน,2547
148,บ.ยางไทยปักษ์ใต้,อัคคีภัย,0,0,ไฟฟ้าลัดวงจร,2547
149,บ.นายพิชิต ประสิทธิภาพ,อัคคีภัย,0,0,ไฟฟ้าลัดวงจร,2547
150,บ.ร้อยเอ็ด,สารเคมีรั่วไหล,0,0,ความประมาทของคนงาน,2547
151,บ.คอมฟอร์ต เฟอร์นิเจอร์,อัคคีภัย,0,0,ไฟฟ้าลัดวงจร,2547
152,บ.เอสโอ แท้ง คลีนนิ่งเทอร์มินอล,สารเคมีรั่วไหล,0,0,ของชำรุด,2547
153,บ.มรกต อินดัสทรีส์,อัคคีภัย,0,0,ไฟฟ้าลัดวงจร,2547
154,บ.บางกอดสปริงอินดัสเตรียล,อัคคีภัย,0,0,ของชำรุด,2547
155,บ.เอส ซี จี ,ระเบิด,3,1,ความประมาทของคนงาน,2547
156,บ.เอช วี พลาส,อัคคีภัย,0,0,ความประมาทของคนงาน,2547
157,บ.อิซูมิพิสตันแมนูแฟคเจอริ่ง,อัคคีภัย,0,0,ความประมาทของคนงาน,2547
158,บ.บี เจ อี เอ็นจิเนียริ่ง,ระเบิด,0,1,ออกแบบไม่ถูกต้อง,2547
159,โรงงานน้ำแข็งระยองประมง,อัคคีภัย,5,0,ไฟฟ้าลัดวงจร,2547
160,บ.บูรพาการไฟฟ้า จก. ,อัคคีภัย,0,0,ของชำรุด,2547
161,บ. อะ ตอน ,อัคคีภัย,1,0,ความประมาทของคนงาน,2547
162,นายบุญเหลือ อิ่มสุวรรณ,ระเบิด,0,14,ความประมาทของคนงาน,2547
163,บ.ชัยบูรพา,อัคคีภัย,0,0,ไฟฟ้าลัดวงจร,2547
164,หจก.พัฒนาการฝ้าย,อัคคีภัย,0,0,ไฟฟ้าลัดวงจร,2547
165,บ.เฟิสท์ ออฟ เซท,เครื่องจักร,1,0,ความประมาทของคนงาน,2547
166,โรงงานเพชรงามการปัก,อัคคีภัย,0,0,ความประมาทของคนงาน,2547
167,บ.ยูนิดแก๊ส แอนด์ ปิโตรเคมิเคิล,อัคคีภัย,0,0,ของชำรุด,2547
168,หจก.โรงสีเบ๊ฮ่งฮวด ,อัคคีภัย,0,0,ไฟฟ้าลัดวงจร,2547
169,บ.แฟนซีอาร์ท,อัคคีภัย,0,0,ไฟฟ้าลัดวงจร,2547
170,บ.มหาชัย ด็อกยาร์ด,ระเบิด,0,0,ความประมาทของคนงาน,2547
171,บ.ยูเนี่ยนพลาสติก,อัคคีภัย,0,0,ความประมาทของคนงาน,2547
172,องค์การอุตสาหกรรม,ก๊าซแอมโมเนียรั่ว,0,0,ความประมาทของคนงาน,2547
173,บ.เจริญสวัสดิ์ใยเทียมยืด,อัคคีภัย,0,0,ไฟฟ้าลัดวงจร,2547
174,บ.โปรเอคเซล,อัคคีภัย,0,0,ของชำรุด,2547
175,บ.ดรากอนไทย ลัมเบอร์,อัคคีภัย,0,0,ของชำรุด,2547
176,บ.ศิลาเขาแก้ว,เครื่องจักร,0,1,ความประมาทของคนงาน,2547
177,บ.ซีพีพีซี,อัคคีภัย,0,0,ไฟฟ้าลัดวงจร,2547
178,บ.กันยงอิเลคทริก,อัคคีภัย,0,0,ไฟฟ้าลัดวงจร,2547
179,บ.ซิลเวอร์ไลท์,อัคคีภัย,0,0,ไฟฟ้าลัดวงจร,2547
180,นางรัชนีกร งามสถิรกุล,อัคคีภัย,0,0,ความประมาทของคนงาน,2547
181,นายโอคุณ แซ่ตั้ง,อัคคีภัย,0,0,ไฟฟ้าลัดวงจร,2547
182,นายปัญจพงษ์ เจนสำเนียงกุล,เครื่องจักร,0,1,ความประมาทของคนงาน,2547
183,บ.แคทไวเลอร์,อัคคีภัย,0,0,ของชำรุด,2547
184,บ.ส.อัศวิน,อัคคีภัย,0,0,ความประมาทของคนงาน,2547
185,บ.อาร์ต อุตสาหกรรม,อัคคีภัย,0,0,ความประมาทของคนงาน,2547
186,บ.บ้านนาสปินเท็กซ์,อัคคีภัย,0,0,ไฟฟ้าลัดวงจร,2547
187,บ.ว.เจริญวัฒนา,ระเบิด,0,2,ของชำรุด,2547
188,บ.ยัวซ่า แบตเตอรี่,ท่อออกซิเจนระเบิด,4,0,ของชำรุด,2548
189,โรงงานภูเก็ตเส้นหมี่และขนมจีน,อัคคีภัย,0,0,ไฟฟ้าลัดวงจร,2548
190,บ.โอเรียนตอล การ์เมนท์,เครื่องจักร,1,0,ของชำรุด,2548
191,บ.เซ็นจูรี่ รับเบอร์,อัคคีภัย,0,0,ไฟฟ้าลัดวงจร,2548
192,บ.ริบบิ้นระฆัง,อัคคีภัย,0,0,ไฟฟ้าลัดวงจร,2548
193,บ.มาร์เด็ด-ยะลา,อัคคีภัย,0,0,ของชำรุด,2548
194,บ.เพื่อนวัว จก,อัคคีภัย,0,0,ไฟฟ้าลัดวงจร,2548
195,โรงน้ำแข็งอยู้เจริญ,ก๊าซแอมโมเนียรั่ว,7,0,ของชำรุด,2548
196,บริษัท โอตานิ,อัคคีภัย,0,0,สภาพอากาศ,2548
197,บ.มอนเทอรย์เอเชีย,อัคคีภัย,0,0,ความประมาทของคนงาน,2548
198,บ.โชติวัฒน์อุตสาหกรรม,ระเบิด,14,0,ออกแบบไม่ถูกต้อง,2548
199,บ.อันดามันซีฟู้ด,ก๊าซแอมโมเนียรั่ว,75,0,ออกแบบไม่ถูกต้อง,2548
200,บ.เอกวิริยะ จก.,อัคคีภัย,0,0,ความประมาทของคนงาน,2548
201,บ.เอ็มไทยอินดัสเทรียล,อัคคีภัย,2,0,ของชำรุด,2548
202,บ.เพียรประดิษฐ์รับเบอร์,อัคคีภัย,0,0,ของชำรุด,2548
203,บ.วู้ดเวอร์ค ไซโตะ ,อัคคีภัย,0,0,ไฟฟ้าลัดวงจร,2548
204,บ.ที่นอนดาลิ่ง,อัคคีภัย,0,0,ไฟฟ้าลัดวงจร,2548
205,บ.น่ำเฮงฮวด,อัคคีภัย,0,0,ของชำรุด,2548
206,หจก.โรงกลึงจันทร์ศิริการช่าง,อัคคีภัย,2,1,ไฟฟ้าลัดวงจร,2548
207,บ.โยเนะเด็น,สารเคมีรั่วไหล,57,0,ของชำรุด,2548
208,นายพงศกร โพธิ์เจริญ,เครื่องจักร,0,1,ความประมาทของคนงาน,2548
209,คลังเก็บสินค้าประเภทเฟอร์นิเจอร์,อัคคีภัย,0,0,ไฟฟ้าลัดวงจร,2548
210,บ.ตรีอรรถบูรณ์อุตสาหกรรม,อัคคีภัย,0,0,ไฟฟ้าลัดวงจร,2548
211,บ.สยามเซมพอร์เมด,อัคคีภัย,0,0,ของชำรุด,2548
212,บ.มิสเตอร์แซนต้า,อัคคีภัย,0,0,ความประมาทของคนงาน,2548
213,บ.กรุงเทพผลิตเหล็ก,ระเบิด,5,0,ของชำรุด,2548
214,บ.หวาเลี่ยง เซรามิค ฮาร์ดแวร์ แฟคโทรี่,อัคคีภัย,1,0,ของชำรุด,2548
215,บ.ธนภิญโญ โพลิพลาส คอร์เปอเรชั้น,อัคคีภัย,0,0,ไฟฟ้าลัดวงจร,2548
216,หจก.ตั้งเจริญออกซิเจน,ท่อออกซิเจนระเบิด,0,1,ความประมาทของคนงาน,2548
217,บ.วงศ์บัณทิต,อัคคีภัย,0,0,ไฟฟ้าลัดวงจร,2548
218,บ.ซีเท็กซ์ อินดัสเดรียล,อัคคีภัย,0,0,ความประมาทของคนงาน,2548
219,บ.เซฟสกิน คอเปอเนชั่น,ระเบิด,7,0,ขาดการบำรุงรักษา,2548
220,บ.อะโรเมติกส์,อัคคีภัย,0,0,ของชำรุด,2548
221,บ.เจียมคอสเมติก,อัคคีภัย,0,0,ความประมาทของคนงาน,2548
222,น.ส.วรรณี แซ่ตั้ง,อัคคีภัย,0,0,ไฟฟ้าลัดวงจร,2548
223,บ.สายวิวัฒน์อุตสาหกรรม,อัคคีภัย,0,0,ของชำรุด,2548
224,บ.ลี 1991 จก.,ก๊าซแอมโมเนียรั่ว,2,0,ความประมาทของคนงาน,2548
225,บ.ยูไนเต็ดกระบี่รับเบอร์,อัคคีภัย,0,0,ความประมาทของคนงาน,2548
226,บ.แหลมทองโพลทรี,ก๊าซแอมโมเนียรั่ว,80,0,ความประมาทของคนงาน,2548
227,บ.เจริญโภคภัณอาหาร,ก๊าซแอมโมเนียรั่ว,64,0,ของชำรุด,2548
228,บ.เอส ซี ที อลูมินั่มแฟตเตอรี่,อัคคีภัย,0,0,ออกแบบไม่ถูกต้อง,2548
229,บ.แอนเทียร์ ,อัคคีภัย,2,0,ไฟฟ้าลัดวงจร,2548
230,หจก.บ้านปิยะแก๊ส,อัคคีภัย,6,1,ของชำรุด,2548
231,บ.สยามไฟร์เวอค์,อัคคีภัย,0,0,ของชำรุด,2548
232,บ.ผลิตไฟฟ้าราชบุรี,อัคคีภัย,0,0,ความประมาทของคนงาน,2548
233,บ.โรงงานศรีกรุงธนฟอกย้อม,อัคคีภัย,0,0,ความประมาทของคนงาน,2548
234,บ.ปัญพลไฟเบอร์คอนเทนเนอร์,ระเบิด,1,1,ขาดการบำรุงรักษา,2548
235,บ.ไทยเจีย จก.,อัคคีภัย,0,0,ของชำรุด,2548
236,บ.วีแอนด์ เอฟ อินเตอร์คอนเน๊ตเตอร์,อัคคีภัย,0,0,ไฟฟ้าลัดวงจร,2548
237,นางจุรี เจริญกิจไพบูลย์,อัคคีภัย,0,0,ความประมาทของคนงาน,2548
238,บ.รวมกิจการยางพารา,อัคคีภัย,0,0,ความประมาทของคนงาน,2548
239,นายสิทธิพพล เอี่ยมละออ,อัคคีภัย,0,0,ไฟฟ้าลัดวงจร,2548
240,บ.พลายซีฟูดส์,อาคารถล่ม,2,0,ออกแบบไม่ถูกต้อง,2548
241,หจก.เพิ่มพรพลาสติด,อัคคีภัย,0,0,ไฟฟ้าลัดวงจร,2548
242,บ.ที พี ดรักแลบบอราทอรีส์,ระเบิด,3,0,ความประมาทของคนงาน,2548
243,บ.ตะวันออกโปลิเมอร์อุตสาหกรรม,อัคคีภัย,0,0,ของชำรุด,2548
244,หสจ.เพิ่มพรพลาสติก,อัคคีภัย,0,0,ไฟฟ้าลัดวงจร,2548
245,บ.แสตนดาร์ค รับเบอร์ แฟตเตอรี่,อัคคีภัย,0,0,ไฟฟ้าลัดวงจร,2548
246,บ.โอเรียนตอล การ์เมนท์,เครื่องจักร,1,0,ความประมาทของคนงาน,2549
247,บ.เบลตัน อินดัสเตนีบล,ก๊าซแอมโมเนียรั่ว,31,0,ของชำรุด,2549
248,บ.โรงน้ำแข็งรวมสิน,ก๊าซแอมโมเนียรั่ว,0,0,ความประมาทของคนงาน,2549
249,บ.โกลบัล ลูบริแค็นท์,อัคคีภัย,0,0,ความประมาทของคนงาน,2549
250,บ.น้ำตาลกุมภาวาปี,เครื่องจักร,0,1,ความประมาทของคนงาน,2549
251,บ.ไมลอทท์แลบบอราทอรีส์,อัคคีภัย,0,0,ไฟฟ้าลัดวงจร,2549
252,หจก.น้ำแข็งเลิศนิมิตร,ก๊าซแอมโมเนียรั่ว,19,0,ของชำรุด,2549
253,นางมาลี วังศรีรัมย์,อัคคีภัย,0,0,ไฟฟ้าลัดวงจร,2549
254,บ.มิลลิ่ง เม็ททอล อินดัสเตรีบล,อัคคีภัย,0,0,ไฟฟ้าลัดวงจร,2549
255,บ.สยามอินโนเวชั่น,อัคคีภัย,0,0,ไฟฟ้าลัดวงจร,2549
256,นายพิทักษ์ ยาจัทรา,ระเบิด,0,1,ความประมาทของคนงาน,2549
257,หจก.เวินขุนทดคอนสตรัคชั่น,อัคคีภัย,1,0,ความประมาทของคนงาน,2549
258,บ.ทวีรกิจสิ่งทอ,อัคคีภัย,0,0,ไฟฟ้าลัดวงจร,2549
259,โรงน้ำแข็งบ้านไพ่,ก๊าซแอมโมเนียรั่ว,9,0,ของชำรุด,2549
260,บ.เอส เค ชุมพร,ระเบิด,0,0,ของชำรุด,2549
261,บ.เมโทร เอ็ม ดี เอฟ,ระเบิด,0,0,ของชำรุด,2549
262,หจก.ศรีนครินท์ 89 ,อัคคีภัย,3,0,ของชำรุด,2549
263,บ.ฟูรูกาวา ไฟเทล,ระเบิด,1,0,ความประมาทของคนงาน,2549
264,บ.โชคเพชรสมุทร 1999,เครื่องจักร,0,1,ความประมาทของคนงาน,2549
265,บ.ผาสิงห์ออยส์,อัคคีภัย,0,0,ไฟฟ้าลัดวงจร,2549
266,บ.ผลิตภัณยางไทย,อัคคีภัย,0,0,ไฟฟ้าลัดวงจร,2549
267,บ.คิดส์ แอนด์ ทอยส์,อัคคีภัย,0,0,ไฟฟ้าลัดวงจร,2549
268,หจก.เชียงใหม่ศุภรัตน์,อัคคีภัย,0,0,ไฟฟ้าลัดวงจร,2549
269,บ.ยูเนียนแท็กซ์นิตติ้ง,อัคคีภัย,0,0,ของชำรุด,2549
270,โรงงาน เอ เวอร์ พี,ระเบิด,1,0,ความประมาทของคนงาน,2549
271,บ.วันไทยอุตสาหกรรมการอาหาร ,ระเบิด,0,0,ของชำรุด,2549
272,บ.สยามโมเบลอร์,อัคคีภัย,0,0,วางเพลิง,2549
273,บ.ไฮฮีโร่,อัคคีภัย,0,0,วางเพลิง,2549
274,บ.เอคโค,อัคคีภัย,0,0,ความประมาทของคนงาน,2549
275,บ.อีทีอี แพคเกจจิ้ง,อัคคีภัย,0,0,ไฟฟ้าลัดวงจร,2549
276,บ.เอี่ยมบูรพา จก,อัคคีภัย,0,0,ของชำรุด,2549
277,บ.โออินด์ ไอ อินดัสเตรีบล,อัคคีภัย,0,0,ไฟฟ้าลัดวงจร,2549
278,นายสมนึก ดังก้อง,ระเบิด,6,4,ไฟฟ้าลัดวงจร,2549
279,บ.ฮาร่า,อัคคีภัย,10,0,ของชำรุด,2549
280,หจก.แห่วซินกวง,อัคคีภัย,0,0,ของชำรุด,2549
281,บ.บุญชอบพารา,อัคคีภัย,0,0,ความประมาทของคนงาน,2549
282,อู่ ส การช่าง,ระเบิด,3,2,ของชำรุด,2549
283,โรงงานน้ำแข็งธาราทิพย์,ก๊าซแอมโมเนียรั่ว,0,0,ความประมาทของคนงาน,2549
284,บ.ยูซาน เอ็นเตอร์ไพรส์,อัคคีภัย,0,0,ของชำรุด,2549
285,บ.เอส แอน ดี มารีน,ก๊าซแอมโมเนียรั่ว,15,0,ขาดการบำรุงรักษา,2549
286,หจก.โรงน้ำแข็งมิตรภาพ,ก๊าซแอมโมเนียรั่ว,0,0,ความประมาทของคนงาน,2549
287,นายจำลอง จันทร์มณี ,ระเบิด,3,0,ไฟฟ้าลัดวงจร,2549
288,บ.โอเรียนตอล การ์เมนท์,เครื่องจักร,1,0,ความประมาทของคนงาน,2549
289,สหกรณ์กองทุนสวนยาว,อัคคีภัย,0,0,ของชำรุด,2549
290,หจก.ส.สุเทพการสุรา,ระเบิด,4,0,ออกแบบไม่ถูกต้อง,2549
291,บ.เจียบฮงการ์เมนท์,อัคคีภัย,0,0,ความประมาทของคนงาน,2549
292,บ.นครชัยปราการ,อัคคีภัย,0,0,ของชำรุด,2549
293,บ.โอกิ,อัคคีภัย,4,0,ความประมาทของคนงาน,2549
294,หจก.จิรกาลสวัสดิ์,อัคคีภัย,0,0,ไฟฟ้าลัดวงจร,2549
295,นางสินินาถ เรืองฤทธิ์,ระเบิด,0,1,ไฟฟ้าลัดวงจร,2549
296,บ.ตงหยาง,เครื่องจักร,0,1,ของชำรุด,2549
297,บ.เชิญมิ้งเอ็นเตอร์ไพร์ส,อัคคีภัย,0,0,ไฟฟ้าลัดวงจร,2549
298,การไฟฟ้าฝ่ายผลิตแห่งประเทศไทย,อัคคีภัย,0,0,ของชำรุด,2549
299,บ.ยางไทยปักษ์ใต้,อัคคีภัย,0,0,วางเพลิง,2549
300,บ.บางกอกโคมัตสุ,อัคคีภัย,0,1,ความประมาทของคนงาน,2549
301,บ.ทีโอเอ เพ้นท์,อัคคีภัย,2,0,ความประมาทของคนงาน,2549
302,บ.เอฟเอสเค ไทยแลนด์,อัคคีภัย,0,0,ออกแบบไม่ถูกต้อง,2549
303,หจก.วงศ์รุ่งเรืองอุตสาหกรรม,อัคคีภัย,0,0,ของชำรุด,2549
304,บ.เบอร์ลี่ ยุคเกอร์ เซลล็อกซ์,อัคคีภัย,0,0,ไฟฟ้าลัดวงจร,2549
305,บ.ถาวรอุตสาหกรรมยางพารา,เครื่องจักร,3,1,ของชำรุด,2549
306,บ.สระแก้วเจริญ,ระเบิด,2,1,ของชำรุด,2549
307,บ.ไทยโอเชี่ยนเวนเจอร์,ระเบิด,0,0,ของชำรุด,2549
308,บ.โรงงานน้ำแข็งกิมซำ,ก๊าซแอมโมเนียรั่ว,0,0,ของชำรุด,2549
309,บ.เอ็นโปร โปรดักซ์ ,อัคคีภัย,0,0,ไฟฟ้าลัดวงจร,2549
310,บ.เชาวสตีล,ระเบิด,0,0,ขาดการบำรุงรักษา,2549
311,บ.เชิดชัยวู้ดมาสเตอร์,อัคคีภัย,0,0,ไฟฟ้าลัดวงจร,2549
312,อู่พรเพ็ญ,ระเบิด,1,1,ของชำรุด,2549
313,นายธงชัย,ระเบิด,3,0,ความประมาทของคนงาน,2549
314,หจก.ไทยลินินอุตสาหกรรม,ระเบิด,0,0,ไฟฟ้าลัดวงจร,2549
315,บ.ไทยนิปปอนฟู้ดส์,อัคคีภัย,0,0,ไฟฟ้าลัดวงจร,2549
316,บ.เอเชี่ยนยูเนี่ยน,ระเบิด,3,0,ของชำรุด,2549
317,บ.สยามโปรแกรส สตีล,อัคคีภัย,0,0,ไฟฟ้าลัดวงจร,2549
318,หจก.อุตสาหกรรม ส ร รามา,อัคคีภัย,0,0,ไฟฟ้าลัดวงจร,2549
319,บ.บริหารและพัฒนาการอนุรักษ์สิ่งแวดล้อม,อัคคีภัย,0,0,ความประมาทของคนงาน,2549
320,นายซง ภูดัง,ระเบิด,1,0,ความประมาทของคนงาน,2549
321,บ.ซี แอนด์ เอ โปรดักส์,อัคคีภัย,0,0,ไฟฟ้าลัดวงจร,2549
322,บ.นิคเคสยามอลูมิเนียม,อัคคีภัย,0,0,ของชำรุด,2549
323,บ.แอสโซซิเอท,เครื่องจักร,0,1,ของชำรุด,2549
324,บ.เอส ซี เลเธอร์,อัคคีภัย,2,0,ไฟฟ้าลัดวงจร,2549
325,บ.โพลิ เปเปอร์ คาร์ตอน,อัคคีภัย,0,0,ไฟฟ้าลัดวงจร,2549
326,สตาร์บูม อินเตอร์พริ้นท์,อัคคีภัย,0,0,ขาดการบำรุงรักษา,2549
327,บ.ไทย เปเปอร์มิลล์,อัคคีภัย,0,0,ไฟฟ้าลัดวงจร,2549
328,เกียไถ่การท่อ,อัคคีภัย,2,0,ไฟฟ้าลัดวงจร,2549
329,บ.จิ้งฮงระยอง,อัคคีภัย,0,0,ไฟฟ้าลัดวงจร,2550
330,หจก.ร้อยเปอร์เซนต์,อัคคีภัย,2,2,ไฟฟ้าลัดวงจร,2550
331,นายพรพรรษ เมฆกล่อม,อัคคีภัย,0,0,วางเพลิง,2550
332,บ.เมอร์กาโต เมดิตัล,อัคคีภัย,0,0,ไฟฟ้าลัดวงจร,2550
333,บ.มินเทคเอ็นเตอร์ไพร์ส์,อัคคีภัย,0,0,ไฟฟ้าลัดวงจร,2550
334,บ.ไออาร์พีซี,อัคคีภัย,0,0,ไฟฟ้าลัดวงจร,2550
335,บ.ซีทีเอฟ,มีดบาด,1,0,ความประมาทของคนงาน,2550
336,บ.เด็นโซ่,เครื่องจักร,1,0,ความประมาทของคนงาน,2550
337,บ.เพอร์เฟคเปเปอร์,อัคคีภัย,0,0,ความประมาทของคนงาน,2550
338,บ.เมดิโกลฟ์ ,อัคคีภัย,4,0,ความประมาทของคนงาน,2550
339,บ.นิน่าอุตสาหกรรม,อัคคีภัย,0,0,ของชำรุด,2550
340,นายเก่งกาจ สุภาพดี,อัคคีภัย,0,1,ไฟฟ้าลัดวงจร,2550
341,บ.ไทยโตชิบาอุตสาหกรรม,อัคคีภัย,0,0,ความประมาทของคนงาน,2550
342,บ.ธารารัตน์ น้ำแข็งหลอด,ก๊าซแอมโมเนียรั่ว,20,0,ความประมาทของคนงาน,2550
343,บ.กู๊ดเยียร์,อัคคีภัย,0,0,ของชำรุด,2550
344,บ.อยู่ยงพัฒนา,ก๊าซแอมโมเนียรั่ว,74,0,ขาดการบำรุงรักษา,2550
345,นายพงษ์ชาติ จึงสถาปัตย์ชัย,อัคคีภัย,0,0,ไฟฟ้าลัดวงจร,2550
346,นายบุญชู เอื้อเวชนิชกุล,ก๊าซแอมโมเนียรั่ว,2,0,ขาดการบำรุงรักษา,2550
347,บ.เชียงรายนอร์เทิร์นการ์เม้น,อัคคีภัย,0,0,ไฟฟ้าลัดวงจร,2550
348,หจก.นิวเวิลด์อินเตอร์เนชั่นแนล,อัคคีภัย,0,0,ของชำรุด,2550
349,บ.แอ็ดวานซ์ไบโอพาวเวอร์,ระเบิด,0,0,ของชำรุด,2550
350,บ.โรงงานสุราพิเศษ,อัคคีภัย,0,0,ของชำรุด,2550
351,บ.พี.โค.ที.อินทีเรีย,อัคคีภัย,0,0,ไฟฟ้าลัดวงจร,2550
352,หจก.ห้องเย็นร้อยเอ็ด,ก๊าซแอมโมเนียรั่ว,0,0,ของชำรุด,2550
353,บ.ซีพีเอฟ ,ของตกทับ,1,0,ความประมาทของคนงาน,2550
354,บ.ซีพีเอฟ ,มีดบาด,1,0,ความประมาทของคนงาน,2550
355,บ.ซีพีเอฟ ,ระเบิด,0,2,ของชำรุด,2550
356,บ.ไทยเคมีภัณฑ์,วัตถกระเด็นเข้าตา,1,0,ของชำรุด,2550
357,บ.แชริสเตอร์ เอ็นเตอร์ไพร์ส์,อัคคีภัย,0,0,ไฟฟ้าลัดวงจร,2550
358,บ.ดี เอ็ม อาร์ เคมีคอล,อัคคีภัย,2,0,ของชำรุด,2550
359,บ.สมบูรณ์ปิโตรเลียม,ระเบิด,3,4,ของชำรุด,2550
360,บ.นิว มาร์เวล,อัคคีภัย,0,0,ไฟฟ้าลัดวงจร,2550
361,นายพินิจ ชูเกียรติวัฒนากุล,อัคคีภัย,0,0,ไฟฟ้าลัดวงจร,2550
362,บ.แกรมเปี่ยน,ก๊าซแอมโมเนียรั่ว,2,0,ของชำรุด,2550
363,บ.ซีพีเอฟ ,อัคคีภัย,0,0,ของชำรุด,2550
364,บ.รับเบอร์ พลาเนท,อัคคีภัย,0,0,ไฟฟ้าลัดวงจร,2550
365,นายบัวเงิน มีกิจ,ระเบิด,2,0,ความประมาทของคนงาน,2550
366,บ.นทีทองโพลิเมอร์,ระเบิด,1,1,ของชำรุด,2550
367,บ.อุตสาหกรรมน้ำตาล,เครื่องจักร,0,1,ของชำรุด,2550
368,หจก.วงศ์ตระกูลโลหะกิจ,อัคคีภัย,0,0,ไฟฟ้าลัดวงจร,2550
369,นายอนันต์ เกษมเศรษฐสิทธิ์,อัคคีภัย,0,0,ไฟฟ้าลัดวงจร,2550
370,บ.ซีพีเอฟ ผลิตภัณอาหาร,เครื่องจักรกระแทก,1,0,ความประมาทของคนงาน,2551
371,บ.ซีพีเอฟ ผลิตภัณอาหาร,ถูกทับ,1,0,ความประมาทของคนงาน,2551
372,บ.ซีพีเอฟ ผลิตภัณอาหาร,ถูกทับ,1,0,ความประมาทของคนงาน,2551
373,บ.ยูนิไทย ชิปยาร์ด,ระเบิด,6,2,ของชำรุด,2551
374,บ.ซีพีเอฟ ผลิตภัณอาหาร,เครื่องจักรกระแทก,1,0,ความประมาทของคนงาน,2551
375,บ.อาร์เอสดี ฟอกย้อม,อัคคีภัย,0,0,ความประมาทของคนงาน,2551
376,หจก.โรงน้ำแข็งสหเสริม,ก๊าซแอมโมเนียรั่ว,0,0,ของชำรุด,2551
377,บ.โกลว์พลังงาน ,อัคคีภัย,0,0,ของชำรุด,2551
378,บ.น้ำตาลบุรีรัมย์,อัคคีภัย,0,0,ไฟฟ้าลัดวงจร,2551
379,บ.พีทีที ฟีนอล,สารเคมีรั่วไหล,0,0,ออกแบบไม่ถูกต้อง,2551
380,บ.โรงน้ำแข็งรวมสิน,ก๊าซแอมโมเนียรั่ว,0,0,ของชำรุด,2551
381,บ.วี เอส วี,อัคคีภัย,0,0,ไฟฟ้าลัดวงจร,2551
382,บ.ไทยเรยอนจก.,เครื่องจักรหนีบ,0,1,ความประมาทของคนงาน,2551
383,บ.คาโปรแลคตัม ไทย จก.,สารเคมีรั่วไหล,0,0,ขาดการบำรุงรักษา,2551
384,บ.ริเวอร์แคว อินเตอร์เนชั่นแนล,ระเบิด,2,1,ความประมาทของคนงาน,2551
385,บ.พี วี เจ พลาสติก,อัคคีภัย,0,0,ไฟฟ้าลัดวงจร,2551
386,บ.ไทยวอล์ลเปเปอร์,ระเบิด,0,2,ของชำรุด,2551
387,บ.บิ๊กสตาร์,อัคคีภัย,0,0,ไฟฟ้าลัดวงจร,2551
388,บ.เอี่ยมบูรพา จก,ระเบิด,2,0,ของชำรุด,2551
389,นายนิพนธ์ อิ่นคำ,ระเบิด,0,1,ความประมาทของคนงาน,2551
390,บ.อดิตยา เบอร์ล่า เคมีคัลส์,ก๊าซรั่ว,0,0,ขาดการบำรุงรักษา,2551
391,บ.โนเบล เอ็นซี,ระเบิด,2,0,ของชำรุด,2551
392,บ.แพรกซ์แอร์,ก๊าซแอมโมเนียรั่ว,0,0,ของชำรุด,2551
393,บ.เครื่องนุ่งห่มสำเร็จรูป,อัคคีภัย,0,0,ของชำรุด,2552
394,หจก.เพิ่มพรพลาสติด,อัคคีภัย,0,0,ไฟฟ้าลัดวงจร,2552
395,บ.บริหารและพัฒนาการอนุรักษ์สิ่งแวดล้อม,อัคคีภัย,0,0,ความประมาทของคนงาน,2552
396,บ.เคฮิน,อัคคีภัย,30,0,ไฟฟ้าลัดวงจร,2552
397,บ.เอสซีที ไบโอดีเซล,อัคคีภัย,0,0,ความประมาทของคนงาน,2552
398,บ.บางปู เอนไวรอนเมนทอลคอมเพล็ค,อัคคีภัย,0,0,ความประมาทของคนงาน,2552
399,บ.เอลเลค แอนด์ เอลเทค,อัคคีภัย,0,0,ความประมาทของคนงาน,2552
400,บ.สุขบุญทิพย์,อัคคีภัย,0,0,ไฟฟ้าลัดวงจร,2552
401,บ.ไทยคูนเวิลด์ไวด์,อัคคีภัย,0,0,ความประมาทของคนงาน,2552
402,บ.ไทยฮั้วยางพารา,อัคคีภัย,0,0,ความประมาทของคนงาน,2552
403,บ.โรงแป้งพรกมล,ระเบิด,2,0,ของชำรุด,2552
404,บ.เจนเนอร์รัล กลาส จก,อัคคีภัย,0,0,ขาดการบำรุงรักษา,2552
405, บ.อุตสาหกรรมสหธัญญพืช,อัคคีภัย,0,0,ไฟฟ้าลัดวงจร,2552
406,บ.ซีพีเอฟ ผลิตภัณอาหาร,ของตกทับ,1,0,ความประมาทของคนงาน,2552
407,บ.ซีพีเอฟ ผลิตภัณอาหาร,ของตกทับ,1,0,ความประมาทของคนงาน,2552
408,บ.สยาม ยี เอสแบตเตอรี่,อัคคีภัย,0,0,ขาดการบำรุงรักษา,2552
409,บ.เอ เจ รับเบอร์,อัคคีภัย,0,0,ความประมาทของคนงาน,2552
410,บ.เอเชีย พลัสแพค,อัคคีภัย,0,0,ไฟฟ้าลัดวงจร,2552
411,บ.ไทยเยรอน,เครื่องจักรหนีบ,0,1,ความประมาทของคนงาน,2552
412,บ.ซีพีเอฟ ผลิตภัณอาหาร,เครื่องจักรหนีบ,1,0,ความประมาทของคนงาน,2552
413,บ.ซีพีเอฟ ผลิตภัณอาหาร,ถูกกระแทก,1,0,ความประมาทของคนงาน,2552
414,หจก เทพทวีโค้ทติ้ง,อัคคีภัย,0,0,ไฟฟ้าลัดวงจร,2552
415,นายเรวัต พรหรมา,อัคคีภัย,0,0,ความประมาทของคนงาน,2552
416,บ.ไทยเยรอน,ก๊าซรั่ว,4,1,ของชำรุด,2552
417,,อัคคีภัย,0,0,ไฟฟ้าลัดวงจร,2553
418,,อัคคีภัย,0,0,ความประมาทของคนงาน,2553
419,,อัคคีภัย,0,0,ความประมาทของคนงาน,2553
420,,ของตกทับ,0,1,ความประมาทของคนงาน,2553
421,,ก๊าซแอมโมเนียรั่ว,0,0,ของชำรุด,2553
422,,อัคคีภัย,0,0,ความประมาทของคนงาน,2553
423,,ของตกทับ,1,0,ความประมาทของคนงาน,2553
424,,อัคคีภัย,0,0,ไฟฟ้าลัดวงจร,2553
425,,อัคคีภัย,0,0,ไฟฟ้าลัดวงจร,2553
426,,อัคคีภัย,0,0,ออกแบบไม่ถูกต้อง,2553
427,,ก๊าซรั่ว,9,0,ของชำรุด,2553
428,,ก๊าซแอมโมเนียรั่ว,0,0,ของชำรุด,2553
429,,อัคคีภัย,91,0,ความประมาทของคนงาน,2553
430,,อัคคีภัย,0,0,ไฟฟ้าลัดวงจร,2553
431,,อัคคีภัย,0,0,ไฟฟ้าลัดวงจร,2553
432,,ระเบิด,5,2,ของชำรุด,2553
433,,ก๊าซแอมโมเนียรั่ว,97,0,ของชำรุด,2553
434,,ระเบิด,3,1,ของชำรุด,2553
435,,อัคคีภัย,0,3,ไฟฟ้าลัดวงจร,2553
436,,อัคคีภัย,0,0,ไฟฟ้าลัดวงจร,2553
437,,ถูกกระแทก,1,0,ความประมาทของคนงาน,2554
438,,อัคคีภัย,0,0,ของชำรุด,2554
439,,อัคคีภัย,0,0,ไฟฟ้าลัดวงจร,2554
440,,อัคคีภัย,0,0,ไฟฟ้าลัดวงจร,2554
441,,เครื่องจักรหนีบ,1,0,ความประมาทของคนงาน,2554
442,,อัคคีภัย,0,0,ไฟฟ้าลัดวงจร,2554
443,,อัคคีภัย,0,0,ของชำรุด,2554
444,,ถูกหนีบ,1,0,ความประมาทของคนงาน,2554
445,,อัคคีภัย,0,0,ของชำรุด,2554
446,,อัคคีภัย,3,0,ของชำรุด,2554
447,,อัคคีภัย,8,0,ของชำรุด,2554
448,,อัคคีภัย,0,0,ไฟฟ้าลัดวงจร,2554
449,,อัคคีภัย,12,3,ไฟฟ้าลัดวงจร,2554
450,,อัคคีภัย,9,0,ของชำรุด,2554
451,,อัคคีภัย,16,0,ไฟฟ้าลัดวงจร,2555
452,,อัคคีภัย,0,0,ไฟฟ้าลัดวงจร,2555
453,,อัคคีภัย,0,0,ไฟฟ้าลัดวงจร,2555
454,,อัคคีภัย,5,3,ของชำรุด,2555
455,,สารเคมีรั่วไหล,1,0,ความประมาทของคนงาน,2555
456,,อัคคีภัย,100,0,ความประมาทของคนงาน,2555
457,,ถูกบาด,1,0,ความประมาทของคนงาน,2555
458,,อัคคีภัย,0,0,ของชำรุด,2555
459,,อัคคีภัย,0,0,ของชำรุด,2555
460,,อัคคีภัย,0,0,ไฟฟ้าลัดวงจร,2555
461,,อัคคีภัย,0,0,ของชำรุด,2555
462,,อัคคีภัย,0,0,ไฟฟ้าลัดวงจร,2555
463,,อัคคีภัย,0,0,สภาพอากาศ,2555
464,,ถูกทับ,1,0,ความประมาทของคนงาน,2555
465,,สารเคมีรั่วไหล,22,0,ความประมาทของคนงาน,2555
466,,อัคคีภัย,0,0,ไฟฟ้าลัดวงจร,2555
467,,อัคคีภัย,3,0,ขาดการบำรุงรักษา,2555
468,,อัคคีภัย,0,0,ไฟฟ้าลัดวงจร,2555
469,,อัคคีภัย,0,0,ไฟฟ้าลัดวงจร,2555
470,,อัคคีภัย,0,0,ไฟฟ้าลัดวงจร,2555
471,,ถูกบาด,1,0,ความประมาทของคนงาน,2555
472,,อัคคีภัย,0,0,ไฟฟ้าลัดวงจร,2555
473,,อัคคีภัย,0,0,ความประมาทของคนงาน,2555
474,,อัคคีภัย,3,0,ของชำรุด,2555
475,,ก๊าซรั่ว,0,5,ความประมาทของคนงาน,2555
476,,อาคารถล่ม,5,1,ออกแบบไม่ถูกต้อง,2555
477,,อัคคีภัย,3,0,ไฟฟ้าลัดวงจร,2555
478,,ระเบิด,0,0,ของชำรุด,2555
479,,อัคคีภัย,0,0,ไฟฟ้าลัดวงจร,2555
480,,ระเบิด,0,0,ของชำรุด,2555
481,,อัคคีภัย,0,0,ของชำรุด,2555
482,,อัคคีภัย,0,0,ไฟฟ้าลัดวงจร,2555
483,,อัคคีภัย,0,0,ไฟฟ้าลัดวงจร,2555
484,,ก๊าซแอมโมเนียรั่ว,14,0,ของชำรุด,2555
485,,อัคคีภัย,0,0,ไฟฟ้าลัดวงจร,2555
486,,อัคคีภัย,0,0,ไฟฟ้าลัดวงจร,2555
487,,อัคคีภัย,0,0,ไฟฟ้าลัดวงจร,2555
488,,อัคคีภัย,7,0,ความประมาทของคนงาน,2555
489,,อาคารถล่ม,12,1,ของชำรุด,2555
490,,ก๊าซแอมโมเนียรั่ว,17,0,ขาดการบำรุงรักษา,2555
491,,ระเบิด,9,0,ความประมาทของคนงาน,2555
492,,อัคคีภัย,0,0,ไฟฟ้าลัดวงจร,2555
493,,อัคคีภัย,0,0,ของชำรุด,2555
494,บ.อาร์ทีดีอุตสาหกรรมจก.,อัคคีภัย,0,0,ไฟฟ้าลัดวงจร,2556
495,บ.วิทย์คอร์ปโปดักส์,อัคคีภัย,0,0,ของชำรุด,2556
496,บ.จงเฉวียน อีเล็คทริก,อัคคีภัย,0,0,ไฟฟ้าลัดวงจร,2556
497,นายนาเคนทร์,อัคคีภัย,0,0,ไฟฟ้าลัดวงจร,2556
498,บ.สุพรีม พลาสติกอินดีสตรี้,อัคคีภัย,0,0,ของชำรุด,2556
499,บ.แอดวานซ์ อะโกรเพาเวอร์,ของตกทับ,0,1,ของชำรุด,2556
500,นายสุรพงษ์ พรมคุณ,ระเบิด,2,1,ความประมาทของคนงาน,2556
501,บ.เซาท์ แลนด์ รับเบอร์,อัคคีภัย,2,0,ของชำรุด,2556
502,บ.โรจนะเพาเวอร์ จำกัด,อัคคีภัย,0,0,ความประมาทของคนงาน,2556
503,บ.โรงสีไทยเจริญพาณิชย์,อัคคีภัย,0,0,ไฟฟ้าลัดวงจร,2556
504,หจก.โรงน้ำแข็งกรเดช,ก๊าซแอมโมเนียรั่ว,0,0,ของชำรุด,2556
505,บ.แวกซ์ กาเบ็จ รีไซเคิล,อัคคีภัย,0,0,ไฟฟ้าลัดวงจร,2556
506,บ.ลาเพิร์ท,อัคคีภัย,0,0,ความประมาทของคนงาน,2556
507,บ.วิมานน้ำแข็งหลอด,ก๊าซแอมโมเนียรั่ว,7,0,ของชำรุด,2556
508,นางสาวสงวน กุทาพันธ์,ระเบิด,1,3,ความประมาทของคนงาน,2556
509,หจก.น้ำแข็งสุวัฒน์,ก๊าซแอมโมเนียรั่ว,2,0,ขาดการบำรุงรักษา,2556
510,บ.วีอาร์ฟูดส์ ,อัคคีภัย,0,0,ไฟฟ้าลัดวงจร,2556
511,นาย พรหรมพล ตรีวิศวเวทย์,ของตกทับ,0,2,ความประมาทของคนงาน,2556
512,หจก.ธาราทิพย์,ก๊าซแอมโมเนียรั่ว,0,0,ขาดการบำรุงรักษา,2556
513,บ.โรงงานน้ำตาลบุรีรัมย์,อัคคีภัย,0,0,ไฟฟ้าลัดวงจร,2556
514,หจก.เอี่ยมค้ำถัง,อัคคีภัย,0,0,ไฟฟ้าลัดวงจร,2556
515,ยูติก้า,อัคคีภัย,0,0,ไฟฟ้าลัดวงจร,2556
516,นายมงคล อมรโรจน์วรวุฒิ,อัคคีภัย,0,0,ความประมาทของคนงาน,2556
517,บ.ไอดีพี โปรดักซ์,อัคคีภัย,0,0,ของชำรุด,2556
518,บ.โฟร์ชันส์,อัคคีภัย,0,0,ของชำรุด,2556
519,บ.จตุพร รีไซเคิล,อัคคีภัย,0,0,ความประมาทของคนงาน,2556
520,บ.แปลน อีโคเอ็นเนอร์ยี่,ที่อับอากาศ,2,2,ความประมาทของคนงาน,2556
521,บ.เอลล์บา บางกอก ,อัคคีภัย,0,0,ของชำรุด,2556
522,หจก.ร่วมเจริญ,อัคคีภัย,0,0,ไฟฟ้าลัดวงจร,2556
523,หจก.เค เอ เพ้นท์,อัคคีภัย,0,0,ความประมาทของคนงาน,2556
524,บ.เฮ กวาง,อัคคีภัย,0,0,ไฟฟ้าลัดวงจร,2556
525,บ.พี เจ ชลบุรี พาราวู้ด,อัคคีภัย,2,0,ไฟฟ้าลัดวงจร,2556
526,นางสาว สุนทรี แซ่เฮง,อัคคีภัย,0,0,ไฟฟ้าลัดวงจร,2556
527,บ.สหฟาร์ม,อัคคีภัย,0,0,ไฟฟ้าลัดวงจร,2556
528,บ.รุ่งทวี เทรดดิ้ง,อัคคีภัย,0,0,ไฟฟ้าลัดวงจร,2556
529,บ.ปฐมชัยไฮเทค,อัคคีภัย,1,0,ไฟฟ้าลัดวงจร,2556
530,นาย มานัส วีระกุล,อัคคีภัย,0,0,ไฟฟ้าลัดวงจร,2556
531,บ.อาร์ค คอร์เปอเรชั่น,อัคคีภัย,0,0,ไฟฟ้าลัดวงจร,2556
532,บ.สยามแผ่นเหล็กวิลาส,ระเบิด,1,1,ความประมาทของคนงาน,2556
533,บ.ไทยสเปเชี่ยลแก๊ส,ระเบิด,1,0,ของชำรุด,2556
534,บ.ไพร์ชออฟวู้ด,อัคคีภัย,0,0,ไฟฟ้าลัดวงจร,2556
535,บ.ซีทีเอฟ,ถูกบาด,1,0,ความประมาทของคนงาน,2556
536,บ.พงษ์เจริญแอลฟัสท์,อัคคีภัย,0,0,ไฟฟ้าลัดวงจร,2556
537,โรงแยกก๊าซ,ฟ้าผ่า,0,0,สภาพอากาศ,2556
538,บ.ซีพีเอฟ ผลิตภัณอาหาร,เครื่องจักรหนีบ,1,0,ความประมาทของคนงาน,2556
539,บ.เอสอาร์เอฟ,อัคคีภัย,0,0,ไฟฟ้าลัดวงจร,2556
540,บ.วงศ์บัณทิต,อัคคีภัย,0,0,ความประมาทของคนงาน,2556
541,บ.สงวนสินร่วมกิจ,ก๊าซแอมโมเนียรั่ว,0,0,ขาดการบำรุงรักษา,2556
542,นายสมชาย จัททร์เรือง,อัคคีภัย,0,0,ไฟฟ้าลัดวงจร,2556
543,บ.ศรีแสงดาวไบโอพาเวอร์,เครื่องจักรหนีบ,1,0,ความประมาทของคนงาน,2556
544,บ.กสิสุรีย์,อัคคีภัย,0,0,ไฟฟ้าลัดวงจร,2556
545,บ.ซันเด้น อินเตอร์คูล,อัคคีภัย,0,0,ไฟฟ้าลัดวงจร,2556
546,บ.พีเอสมลล็อแมก,อัคคีภัย,0,0,ไฟฟ้าลัดวงจร,2556
547,บ.ซีพีเอฟ ผลิตภัณอาหาร,เครื่องจักรหนีบ,1,0,ความประมาทของคนงาน,2556
548,บ.สุนทรีธัญญะ,ของตกทับ,0,1,ความประมาทของคนงาน,2556
549,หจก.มารุตและขนมศิริพรรณ,อัคคีภัย,0,0,ความประมาทของคนงาน,2556
550,บ.4 โพลาแบร์,ก๊าซแอมโมเนียรั่ว,0,0,ของชำรุด,2556
551,บ.วาย ที รับเบอร์,อัคคีภัย,0,0,ของชำรุด,2556
552,บ.ไทยอุตสาหกรรม,อัคคีภัย,0,0,ของชำรุด,2556
553,บ.ไทยเทพรส,ของตกทับ,0,1,สภาพอากาศ,2556
554,บ.มาบตาพุด,อัคคีภัย,0,0,ของชำรุด,2556
555,นายอารีย์ เลิศรัตน์,ระเบิด,1,2,ความประมาทของคนงาน,2556
556,บ.ซีพีเอฟ ผลิตภัณอาหาร,ของตกทับ,1,0,ความประมาทของคนงาน,2556
557,บ.โกลว์ เอสพีพี,อัคคีภัย,0,0,ไฟฟ้าลัดวงจร,2556
558,บ.ไอเอสซีเอ็ม,อัคคีภัย,0,0,ของชำรุด,2556
559,บ.สยามแฟ็ท,อัคคีภัย,4,0,ของชำรุด,2556
560,หจก.บุญทวี รีไซเคิล แอนด์ เซอร์วิส,อัคคีภัย,0,0,ไฟฟ้าลัดวงจร,2556
561,บ.เกษมศักดิ์ เทรดดิ้ง,ระเบิด,5,0,ของชำรุด,2556
562,บ.ซีพีเอฟ ผลิตภัณอาหาร,ลื่นล้ม,1,0,ความประมาทของคนงาน,2556
563,บ.วู้ดเวอร์คอังสุธน,อัคคีภัย,0,0,ไฟฟ้าลัดวงจร,2556
564,บ.ปูนซีเมนต์ไทย,ตกจากที่สูง,0,1,ความประมาทของคนงาน,2556
565,บ.เอเชียอินดัสเตรียล,ระเบิด,1,1,ความประมาทของคนงาน,2556
566,บ.คัดแยกขยะเพื่อรีไซเคิล,อัคคีภัย,0,0,ไฟฟ้าลัดวงจร,2556
567,บ.ไทยคาร์บอนแบลก,อัคคีภัย,0,0,ไฟฟ้าลัดวงจร,2556
568,สถานีบริการก๊าซธรรมชาตื,อัคคีภัย,0,0,ของชำรุด,2556
569,บ.ซีพีเอฟ ผลิตภัณอาหาร,มีดบาด,1,0,ความประมาทของคนงาน,2556
570,บ.ซีอาร์ซี ครีเอชั่น,อัคคีภัย,0,0,ไฟฟ้าลัดวงจร,2556
571,บ.ไทยอารี อินเตอร์เท็ก,ตกลงไปในบ่อ,0,1,ความประมาทของคนงาน,2556
