ลำดับ,name,accident,injured,death,summary,ปี,ประกอบกิจการ,จังหวัด
1,,อัคคีภัย,0,0,เครื่องจักรไม่ได้ต่อสายดินทำให้เกิดไฟฟ้าสถิต,2544,ผลิตโฟมกันกระแทก,สมุทรปราการ
2,,ท่อออกซิเจนระเบิด,2,2,ขาดการบำรุงรักษาและตรวจสอบสภาพท่อออกซิเจน,2544,บรรจุก๊าซออกซิเจน,อยุธยา
3,,หม้อไอน้ำระเบิด,1,1,หม้อไอน้ำสร้างไม่ถูกแบบและไม่ได้มาตรฐาน,2544,เพาะเห็ดฟาง,นครปฐม
4,,อัคคีภัย,0,0,สะเก็ดไฟจากท่อรถเกลี่ยมะพร้าวกระเด็นไปตกที่เส้นใยมะพร้าว,2544,ผลิตเส้นใยมะพร้าว,ประจวบคีรีขันธ์
5,,อัคคีภัย,0,0,ไฟฟ้าลัดวงจร,2544,อบใบยาสูบให้แห้ง,ลำพูน
6,,อัคคีภัย,0,0,ไม่ทราบสาเหตุ,2544,ทำลังไม้,ฉะเชิงเทรา
7,,อัคคีภัย,1,0,ไม่มีการระบายไอสารติดไฟ,2544,ทำชิ้นส่วนเครื่องใช้ไฟฟ้า,สมุทรปราการ
8,,อัคคีภัย,0,0,เครื่องจักรไม่มีครอบป้องกันประกายไฟ,2544,โกดังเก็บเส้นด้ายและเศษฝ้าย,สมุทรปราการ
9,,อัคคีภัย,0,0,ความร้อนในห้องรมควันยางสูงผิดปกติ,2544,รมควันยาง,ยะลา
10,,วาล์วจ่ายไอน้ำระเบิด,0,1,แนวเส้นผ่าศูนย์กลางของท่อจ่ายไอน้ำไม่ตรงกับแนวเส้นผ่าศูนย์กลางของท่อทางเข้าที่ Header จุงเกิดความเค้นในเนือโลหะของวาล์วจำนวนมาก,2544,ผลิตเยื่อกระดาษ,ปราจีนบุรี
11,,อัคคีภัย,0,0,ไฟฟ้าลัดวงจร,2544,ทำเฟอร์นิเจอร์,หนองคาย
12,,คานเหล็กหล่นทับคนงาน,0,0,ความประมาทของคนงาน,2544,ทำน้ำตาลทราย,อุตรดิตถ์
13,,ระเบิด,20,13,การจัดเก็บสารเคมีอันตรายไม่ถูกต้องปลอดภัย,2544,ผลิตสีน้ำมัน,ชลบุรี
14,,อัคคีภัย,0,0,ไฟฟ้าลัดวงจร,2544,ผลิตเก้าอี้นวมจากเหล็ก,ปราจีนบุรี
15,,ระเบิด,2,2,ความประมาทของคนงาน,2544,ทำภาชนะบรรจุจากเหล็ก,กรุงเทพ
16,,หม้อไอน้ำระเบิด,3,0,ออกแบบไม่ถูกต้อง,2544,ทำเส้นก๋วยเตี๋ยว,สมุทรปราการ
17,,อัคคีภัย,0,0,ไม่ทราบสาเหตุ,2544,ซ่อมรถยนต์,พิษณุโลก
18,,อัคคีภัย,0,0,ไฟฟ้าลัดวงจร,2544,ผลิตอาหารกึ่งสำเร็จรูปแช่แข็ง,ฉะเชิงเทรา
19,,อัคคีภัย,0,0,ไฟฟ้าลัดวงจร,2544,ผลิตชิ้นส่วนคอมพ์,ชลบุรี
20,บ.คีดอยเพลนท์,อัคคีภัย,0,0,ไฟฟ้าลัดวงจร,2545,ประกอบและตกแต่งเครื่องเรือนเครื่องใช้จากไม้,กรุงเทพ
21,บ.ปิคนิคพลาสอินดัสเทรียล,ระเบิด,15,1,ความประมาทของคนงาน,2545,ทำผลิตภัณภาชนะพลาสติก,อยุธยา
22,บ.โบฟา อินเตอร์แนลชัลแนล,อัคคีภัย,0,0,ไฟฟ้าลัดวงจร,2545,ทำเครื่องเรือนจากหนังและไม้,ปราจีนบุรี
23,บ.ดีสสโตน จก.,อัคคีภัย,0,0,ความประมาทของคนงาน,2545,ผลิตยางนอก ยางรถยนต์ จักรยาน จักรยานยนต์,สมุทรสาคร
24,บ.ที.ซี.เอส,อัคคีภัย,0,0,ความประมาทของคนงาน,2545,ผลิตแป้งมันสำปะหลัง,กำแพงเพชร
25,บ.อุตสาหกรรมแป้ง,ระเบิด,4,2,ความประมาทของคนงาน,2545,ผลิตแป้งมันสำปะหลัง,นครราชสีมา
26,บ.เดลต้า ,อาคารถล่ม,54,8,ออกแบบไม่ถูกต้อง,2545,ผลิตชิ้นส่วนคอมพ์,สมุทรปราการ
27,สหวัฒน์อุตสาหกรรม,อัคคีภัย,0,0,ไฟฟ้าลัดวงจร,2545,ทำรองเท้ายางฟองน้ำ,กรุงเทพ
28,บ.เลิศวัฒนกิจ,อัคคีภัย,0,0,ไฟฟ้าลัดวงจร,2545,ทำกระดุมและริบบิ้นชนิดต่างๆ,กรุงเทพ
29,บ.แอนนาฟลาวเวอร์,อัคคีภัย,0,0,ไม่ทราบสาเหตุ,2545,ทำดอกไม้เทียม,อุตรดิตถ์
30,พงษ์สวัสดิ์เฟอร์นิเจอร์,อัคคีภัย,0,0,ความประมาทของคนงาน,2545,ทำเฟอร์นิเจอร์,พิษณุโลก
31,บ.สยามอุตสาหรกรรมยิปซั่ม,อัคคีภัย,0,0,ของชำรุด,2545,ผลิตแผ่นยิปซั่ม,สงขลา
32,บ.สาย 5 ผลิตก๊าซ,อัคคีภัย,0,0,ไม่ทราบสาเหตุ,2545,ผลิตก๊าซอะซีทีลีน,นครปฐม
33,นายสุรเดช เทียนสุวรรณ,อัคคีภัย,9,0,ของชำรุด,2545,ทำขนมปัง,กรุงเทพ
34,โรงงานน้ำตาลสิงห์,เครื่องจักรกระแทก,2,0,ของชำรุด,2545,ผลิตน้ำตาลทรายดิบ ทรายขาว,สิงห์บุรี
35,บ.สุรช จก.,เครื่องจักรหนีบ,1,0,ความประมาทของคนงาน,2545,ทำผลิตภัณฑ์พิมพ์และกล่องกระดาษแข็งสำหรับบรรจุสินค้า,สมุทรปราการ
36,บ.มอนเทอรย์เอเชีย,อาคารถล่ม,0,0,สภาพอากาศ,2545,ทำน้ำยางข้น ยางแผ่น ยางรมควัน,ยะลา
37,นายพงษ์สวัสดิ์ ลอสุขสวัสดิ์,อัคคีภัย,0,0,ไม่ทราบสาเหตุ,2545,ทำรถเข็น 2 ล้อยาง,พิษณุโลก
38,บ.ชลบุรี ศาลาคู่ จก.,อัคคีภัย,0,0,ความประมาทของคนงาน,2545,ผลิตขี้เลื่อยอัดแข็งและถ่านอัดแท่งจากเศษวัสดุ,ชลบุรี
39,บ.ไทยโด โน เกน เกน ,อัคคีภัย,0,0,ความประมาทของคนงาน,2545,ทำเชลแล็ก แล็กเกอร์,ระยอง
40,บ.แอสแพค ออยส์ ,อัคคีภัย,0,0,ไม่ทราบสาเหตุ,2545,ผสมและบรรจุน้ำมันหล่อลื่นและผลิตภัณฑ์ปิโตเลียม,
41,บ.ชีค เทรดดิ้ง จก,อัคคีภัย,0,0,ไม่ทราบสาเหตุ,2545,ผลิตเครื่องมือ เครื่องใช้ในสำนักงานและเครื่องใช้พลาสติก,ระยอง
42,บ.ตั้งหยูเม้งอุตสาหรกรรม,อัคคีภัย,0,0,ไม่ทราบสาเหตุ,2545,ผลิตผลิตภัณฑ์พลาสติก,สมุทรสาคร
43,บ.ปัญจพล,อัคคีภัย,0,0,ไฟฟ้าลัดวงจร,2545,ผลิตกระดาษคราฟท์และกระดาษพิมพ์เขียว,อยุธยา
44,บ.นิเด็คอีเลค,อัคคีภัย,0,0,ออกแบบไม่ถูกต้อง,2545,ผลิตอุปกรณ์สำหรบเครื่องคอมพิวเตอร์,อยุธยา
45,บ.ไทยอินเตอร์,ระเบิด,2,2,ความประมาทของคนงาน,2545,ต่อเรือและซ่อมเรือ,สมุทรปราการ
46,โฮยาออปติค,อัคคีภัย,0,0,ไม่ทราบสาเหตุ,2545,ผลิตเลนส์สำหรับกล้องถ่ายภาพ,ลำพูน
47,บ.จงเฮงฟลาวเวอร์,อัคคีภัย,0,0,ไฟฟ้าลัดวงจร,2545,ผลิตดอกไม้พลาสติก ,นครปฐม
48,บ.ไทยโด โน เกน เกน ,อัคคีภัย,0,0,ความประมาทของคนงาน,2545,ทำเชลแล็ก แล็กเกอร์,ระยอง
49,บ.ฝ้ายเมืองเลย จก ,อัคคีภัย,0,0,ไฟฟ้าลัดวงจร,2545,หีบฝ้าย,เลย
50,โรงไฟฟ้าแม่เมาะ,อัคคีภัย,0,0,ของชำรุด,2545,ผลิตพลังงานไฟฟ้า,ลำปาง
51,บ.โรงงานทอผ้า,อัคคีภัย,0,0,ของชำรุด,2545,ทอผ้าและปั่นด้าย,กรุงเทพ
52,หจก.จุ๊งโฟ,อัคคีภัย,0,0,ไฟฟ้าลัดวงจร,2545,กลึง เจาะ เขียนโลหะ และทำอุปกรณ์เครื่องจักร,ปทุมธานี
53,บ.น่ำเฮงฮวด,อัคคีภัย,0,0,ความประมาทของคนงาน,2545,ดัดแปลง ซ่อมแซม ปรับปรุง ถังเหล็ก,สมุทรปราการ
54,โรงงานเจ อาร์ น่ำแข็งหลอด,ก๊าซแอมโมเนียรั่ว,10,1,ออกแบบไม่ถูกต้อง,2545,ทำน้ำแข็ง,ราชบุรี
55,บ.เอสทีเอ เอ็มดีเอฟ จก,อัคคีภัย,0,0,ของชำรุด,2545,ผลิตไม้อัด,สงขลา
56,นายสมคอย จันทร์ผลิน,ระเบิด,2,0,ความประมาทของคนงาน,2545,ผลิตพลุและดอกไม้ไฟ,อยุธยา
57,บ.โมดอร์นเฟรมจก,อัคคีภัย,0,0,ไฟฟ้าลัดวงจร,2545,ทำกรอบรูปจากไม้,กรุงเทพ
58,บ.ช.มหกิจไพศาล จก,อัคคีภัย,0,0,ไม่ทราบสาเหตุ,2545,ผลิตฟองน้ำ,นนทบุรี
59,บ.บีเอส ที อิลาสโตเมอร์,อัคคีภัย,0,0,ความประมาทของคนงาน,2545,ผลิตยางสังเคราะห์,ระยอง
60,บ.สากลน่ำกลั่น จก ,ก๊าซแอมโมเนียรั่ว,0,0,ของชำรุด,2545,ทำน้ำแข็ง,กรุงเทพ
61,หจก.ไทยก๊าซ,ท่อออกซิเจนระเบิด,2,1,ของชำรุด,2545,บรรจุก๊าซออกซิเจน ไนโตรเจน,ระยอง
62,บ.พีพี ยูเนี่ยนบลอก,ก๊าซแอมโมเนียรั่ว,0,0,ของชำรุด,2545,ผลิตน้ำแข็ง,ระยอง
63,นายเกรียงไกร อุทิศบุญ,อัคคีภัย,0,0,ไม่ทราบสาเหตุ,2545,ซ่อมรถยนต์,อุดรธานี
64,บ.สยามบรรจุภัณ,อัคคีภัย,0,0,ความประมาทของคนงาน,2545,ผลิตแผ่นกระดาษลูกฟูและกล่อง,ปทุมธานี
65,บ.วงศ์บัณทิต,อัคคีภัย,0,0,ไม่ทราบสาเหตุ,2545,ทำยางแท่ง ยางแผ่นรมควัน,ปทุมธานี
66,บ.ทวีทรัพย์รับเบอร์,ไฟฟ้าดูด,4,0,ของชำรุด,2545,ทำยางแผ่นรมควัน,ตรัง
67,บ.ปุ๋ยไวกิ้ง,อัคคีภัย,0,0,ไฟฟ้าลัดวงจร,2545,เก็บรักษาและลำเลียงพืช,อยุธยา
68,หจก.สหโรจน์การทอ,อัคคีภัย,0,0,ไฟฟ้าลัดวงจร,2545,ทอผ้าและปั่นด้าย,สมุทรปราการ
69,บ.ทวีศักดิ์กิตติยา,อัคคีภัย,0,0,ไฟฟ้าลัดวงจร,2545,แปรรูปไม้ยางพารา,ตราด
70,บ.ฟาร์อีสการทออุตสาหกรรม,อัคคีภัย,0,0,ความประมาทของคนงาน,2545,ปั่นด้าย,นครปฐม
71,บ.ไทยสปินนิ่ง,อาคารถล่ม,0,0,อาคารชำรุด,2545,ทอผ้าและปั่นด้าย,กรุงเทพ
72,บ.ซี เอ เทคโนโลยี,อัคคีภัย,1,0,ไฟฟ้าลัดวงจร,2545,ทำสติกเกอร์,นครปฐม
72,บ.ตรังไม้ยางพารา,อัคคีภัย,0,0,ไฟฟ้าลัดวงจร,2545,ทำเฟอร์นิเจอร์,ตรัง
73,บ.ฮ่วยช่วน,อัคคีภัย,2,0,ความประมาทของคนงาน,2545,ยางแผ่นรมควัน,จันทบุรี
74,บ.ชุมแพเมืองทองการเกษตร,เครื่องจักร,0,1,ความประมาทของคนงาน,2545,สีข้าว,ขอนแก่น
75,บ.บลูริบบอนมาร์เก็ตติ้ง,อัคคีภัย,0,0,ไม่ทราบสาเหตุ,2545,ทำของเล่นเด็ก,นครปฐม
76,บ.ยังแมน จก,อัคคีภัย,0,0,ไม่ทราบสาเหตุ,2545,ผลิตหมวก,กรุงเทพ
77,บ.ยางทองลาเท็กซ์,อัคคีภัย,0,0,ความประมาทของคนงาน,2545,ยางแผ่นรมควัน,ระยอง
78,หจก.ลิ่วสัมฤทธิ์,เครื่องจักร,1,0,ความประมาทของคนงาน,2545,ฟอกย้อมและพิมพ์ผ้า,สมุทรสาคร
79,บ.โรงงานแสงเจริญ,อัคคีภัย,0,0,ความประมาทของคนงาน,2545,ทำชันบด,สมุทรสาคร
80,บ.สยามคาสเทค จก,ระเบิด,3,0,ความประมาทของคนงาน,2545,หล่อหลอมเหล็ก,สมุทรสาคร
81,นายกนกศักดิ์ กองสาสนะ,ระเบิด,5,0,ไม่ทราบสาเหตุ,2545,ทำพลุและดอกไม้เพลิง,น่าน
82,บ.บีเอ็น เอส อุตสาหกรรม,อัคคีภัย,0,0,ความประมาทของคนงาน,2545,อบไม้ทำเครื่องเรือนจากไม้ยางพารา,สุราษฏร์ธานี
83,บ.โรงสีศรีสกลค้าข้าว,อัคคีภัย,0,0,ไม่ทราบสาเหตุ,2545,สีข้าว,สกลนคร
84,บ.ไทย เยอะรมัน โปรดัก,อัคคีภัย,0,0,ไม่ทราบสาเหตุ,2545,ผลิตท่อเหล็กไร้สนิม,ระยอง
85,นางส่งศรี จงยิ่งยศ,อัคคีภัย,0,0,ไม่ทราบสาเหตุ,2545,หล่อดอกยาง,นครปฐม
86,บ.ยิ่งยงไฟเบอร์,อัคคีภัย,0,0,ไฟฟ้าลัดวงจร,2547,ทอผ้าและปั่นด้าย,นครปฐม
87,บ.บดินทร์ ฟุตแวร์,อัคคีภัย,0,0,ไฟฟ้าลัดวงจร,2547,ผลิตรองเท้า,สมุทรปราการ
88,บ.ทวีทรัพย์รับเบอร์,อัคคีภัย,0,0,ความประมาทของคนงาน,2547,ทำยางแผ่นรมควัน,ตรัง
89,บ.เอ็มซี น้ำแข็งหลอด,ก๊าซแอมโมเนียรั่ว,5,0,ของชำรุด,2547,ผลิตน้ำแข็ง,สมุทรปราการ
90,บ.เคมเม็กอุตสาหกรรม,ระเบิด,0,0,ของชำรุด,2547,ผลิตโซเดียมไฮดรอกไซด์,สมุทรสาคร
91,บ.ลาวัณย์วิสุทธิ์พลาสติกไทย,เครื่องจักร,0,1,ความประมาทของคนงาน,2547,ผลิตถุงพลาสติก,นครปฐม
92,บ.แมกซิตรอน จก,อัคคีภัย,0,0,ไฟฟ้าลัดวงจร,2547,ผลิตเคมีภัณฑ์,สมุทรปราการ
93,บ.บุญมาแพ็คเกจจิ้ง,อัคคีภัย,2,0,ไฟฟ้าลัดวงจร,2547,ทำพลาสติกเป็นแผ่น,สมุทรปราการ
94,บ.สงวนไทยจงเจริญ จก,อัคคีภัย,0,0,ไฟฟ้าลัดวงจร,2547,ฟอกหนังสัตว์,สมุทรปราการ
95,บ.เอสโซ่,อัคคีภัย,7,0,ไฟฟ้าลัดวงจร,2547,กลั่นน้ำมัน,ชลบุรี
96,บ.บุญชัย ฟูด โปรดักท์,อัคคีภัย,0,0,ความประมาทของคนงาน,2547,ทำข้าวเกรียบกุ้ง,สมุทรสาคร
97,บ.คอนทิเนนทอล,สารเคมีรั่วไหล,0,,ความประมาทของคนงาน,2547,ผลิตเคมีภัณฑ์,สมุทรปราการ
98,บ.เอสทีเอ ปาร์ติเกิล,อัคคีภัย,0,0,ไฟฟ้าลัดวงจร,2547,ผลิตแผ่นปาร์ติเกิลบอร์ด,สงขลา
99,บ.ยูไนเต็ดอินดัสเตรีบล,ท่อออกซิเจนระเบิด,0,0,ของชำรุด,2547,ผลิตก๊าซออกซิเจน,สมุทรปราการ
100,บ.น่ำแข็งมิตรสตูล,อัคคีภัย,0,0,ความประมาทของคนงาน,2547,ผลิตน้ำแข็ง,สตูล
101,นายเรืองศักดิ์ รุ่งไมตรี,ก๊าซแอมโมเนียรั่ว,0,0,ของชำรุด,2547,ผลิตน้ำแข็ง,อุดรธานี
102,หจก.ปัตตานีซุ่นเอง,อัคคีภัย,0,0,ความประมาทของคนงาน,2547,สกัดน้ำมันมะพร้าว,ปัตตานี
103,บ.เนาวรัตน์พัฒนาการ,เครนล้นทับ,0,2,ความประมาทของคนงาน,2547,ทำส่วนประกอบก่อสร้างสะพาน,ฉะเชิงเทรา
104,บ.อันดามันซีฟู้ด,ก๊าซแอมโมเนียรั่ว,66,0,ของชำรุด,2547,ทำอาหารทะเลแช่แข็ง,ระนอง
105,บ.อินเตอร์ คลัทดิส,อัคคีภัย,0,0,ไม่ทราบสาเหตุ,2547,ประกอบชิ้นส่วนรถยนต์,สมุทรสาคร
106,บ.แปซิฟิค มารีน ฟู้ด,หม้อไอน้ำระเบิด,0,0,ออกแบบไม่ถูกต้อง,2547,ทำปลาตากแห้ง,สมุทรสาคร
107,บ.ไทยเรยอนจก.,สารเคมีรั่วไหล,1,2,ของชำรุด,2547,ผลิตเส้นใยมะพร้าว,อ่างทอง
108,บ.เอสเคเอ็มโพลิเมอร์,อัคคีภัย,0,0,ความประมาทของคนงาน,2547,ฉีดพลาสติก,กรุงเทพ
109,บ.ไทยแอลกอฮอล์,ถังแอลกอฮอล์ ระเบิด,3,0,ความประมาทของคนงาน,2547,ผลิตเอธิลแอลกอฮอล์,นครปฐม
110,บ.สยามน้ำมันพืช,ระเบิด,0,1,ความประมาทของคนงาน,2547,ผลิตน้ำมันพืชทุกชนิด,สมุทรสาคร
111,บ.ปูนซีเมนต์นครหลวง,ระเบิด,6,3,ความประมาทของคนงาน,2547,ผลิตปูนซีเมนต์,สระบุรี
112,บ.ปัตตานีอุตสาหกรรม,อัคคีภัย,0,0,ไฟฟ้าลัดวงจร,2547,ทำฟองน้ำ,ปัตตานี
113,บ.สยามฟองน้ำโฟม จก ,อัคคีภัย,0,0,ความประมาทของคนงาน,2547,ทำพื้นรองเท้า,นครปฐม
114,บ.ยูเนี่ยนพัฒนกิจ,อัคคีภัย,0,0,ความประมาทของคนงาน,2547,ผลิตยางรีเคลม,สมุทรปราการ
115,บ.พดลชัย เคหะภัณ,อาคารถล่ม,1,0,ความประมาทของคนงาน,2547,ทำวงกบประตู,นครราชสีมา
116,หจก.แม่ปิง,ท่อออกซิเจนระเบิด,1,1,ของชำรุด,2547,ผลิตก๊าซออกซิเจน,เชียงใหม่
117,บ.ไทยโอเลฟินส์,อัคคีภัย,0,0,ของชำรุด,2547,ปิโตรเคมี,ระยอง
118,บ.ยานภัณ,อาคารถล่ม,1,0,ความประมาทของคนงาน,2547,,สมุทรปราการ
119,นายอนุรักษ์ สีละบรรยงค์,อัคคีภัย,0,0,ไฟฟ้าลัดวงจร,2547,ทำที่นอนฟองน้ำ,กรุงเทพ
120,บ.ยูนิรับเบอร์,อัคคีภัย,0,0,ไฟฟ้าลัดวงจร,2547,ผลิตแผ่นรมควันยาง,นครศรีธรรมราช
121,บ.ยอดชัยพฤกษ์ผลิตภัณ,อัคคีภัย,0,0,ไฟฟ้าลัดวงจร,2547,ทำวงกบประตู,สมุทรสาคร
122,บ.รอแยลฟูดส์,อัคคีภัย,0,0,ความประมาทของคนงาน,2547,ผลิตอาหารบรรจุกระป๋อง,สมุทรสาคร
123,นายสมบูรณ์ เจียมวิทย์ศรีกุล,อัคคีภัย,0,0,ไฟฟ้าลัดวงจร,2547,ทำเฟอร์นิเจอร์,อุดรธานี
124,บ.สมบูรณ์ทิพย์,อัคคีภัย,0,0,ไฟฟ้าลัดวงจร,2547,ผลิตภัณฑ์โลหะ,สมุทรสาคร
125,บ.ศรีครัง,อัคคีภัย,0,0,ไฟฟ้าลัดวงจร,2547,ผลิตยางแผ่นรมควัน,ตรัง
126,บ.วีไทร์ แอนด์ รับเบอร์,อัคคีภัย,2,0,ความประมาทของคนงาน,2547,ผลิตยางนอก,สมุทรสาคร
127,บ.ผลิตภัณฟาไทยอมรัฟูด,อัคคีภัย,0,0,ความประมาทของคนงาน,2547,ทำขนมปังกรอบและแห้ง,สงขลา
128,บ.ยูซาน เอ็นเตอร์ไพรส์,อัคคีภัย,0,0,ไฟฟ้าลัดวงจร,2547,ทำเครื่องเรือนจากไม้,ชลบุรี
129,หจก.มาบตาพุดไทยเพรส,อัคคีภัย,0,0,ความประมาทของคนงาน,2547,คัด แยก โม่ บด กระดาษและพลาสติก,ระยอง
130,บ.บี ไรท์ รับเบอร์ จก.,อัคคีภัย,0,0,ของชำรุด,2547,ผลิตยางแผ่นรมควัน,กระบี่
131,นายอนุโรจน์ คงอุดมเกียรติ,อัคคีภัย,0,0,ความประมาทของคนงาน,2547,ผลิตน้ำมันมะพร้าว,ราชบุรี
132,บ.เจ.เอสบี วายส์ ไฟเบอร์กลาส,อัคคีภัย,0,0,ไฟฟ้าลัดวงจร,2547,ผลิตผลิตภัณฑ์จากไฟเบอร์,สมุทรปราการ
133,บ.อินดโดเลนส์,อัคคีภัย,59,0,ของชำรุด,2547,ผลิตเลนส์สำหรับกล้องถ่ายภาพ,อยุธยา
134,บ.แอดเวนเจอร์ไทย,อัคคีภัย,0,0,ออกแบบไม่ถูกต้อง,2547,ทำน้ำยาขัดสี รถยนต์,ปทุมธานี
135,บ.อโศกเคมีคอล,อัคคีภัย,0,1,วางเพลิง,2547,ผลิตเหล็กแผ่น,ฉะเชิงเทรา
136,บ.ฮั้วฟงรับเบอร์,เครื่องจักร,1,0,ความประมาทของคนงาน,2547,ผลิตปูนขาว,นครราชสีมา
137,หจก.โรงเลื่อยจักรไทยรุ่งเรื่อง,อัคคีภัย,0,0,ไฟฟ้าลัดวงจร,2547,เลื่อยไม้,ศรีสะเกษ
138,บ.ระนองโฟรเซ่นฟู๊ดส์,ก๊าซแอมโมเนียรั่ว,7,0,ความประมาทของคนงาน,2547,ผลิตอาหารทะเลแช่แข็ง,ระนอง
139,บ.เด็นโซ่,เครื่องจักร,1,0,ความประมาทของคนงาน,2547,ผลิตชิ้นส่วนอุปกรณ์ไฟฟ้ายานยนต์,ชลบุรี
140,นางมะลิ พันธ์สถิตย์วงศ์,อัคคีภัย,0,3,ของชำรุด,2547,อาคารเก็บผ้า ,กรุงเทพ
141,บ.สยามเจริญชัยอุตสาหกรรม,อัคคีภัย,0,0,ความประมาทของคนงาน,2547,ทำของใช้ต่างๆด้วยพลาสติก,กรุงเทพ
142,นายประวิทย์ ตันติภาคย์,อัคคีภัย,8,3,ความประมาทของคนงาน,2547,ผลิตถุงพลาสติก,กรุงเทพ
143,หจก.นิวเวิลด์อินเตอร์เนชั่นแนล,อัคคีภัย,0,0,ไฟฟ้าลัดวงจร,2547,ทำไฟเบอร์บอร์ด,สมุทรปราการ
144,บ.เอเชียอุตสาหกรรม,อัคคีภัย,0,1,ไฟฟ้าลัดวงจร,2547,ผลิตโฟมจากโพลิสไตลิน,สงขลา
145,บ.ไทยยูเนี่ยน โฟรเซ่น,ก๊าซแอมโมเนียรั่ว,27,0,ความประมาทของคนงาน,2547,ผลืตอาหารทะเลแช่แข็ง,สมุทรสาคร
146,บ.อโศก เคมีคอล จก. ,ระเบิด,1,3,ความประมาทของคนงาน,2547,ทำปูนขาว ,นครราชสีมา
147,หจก.ธิดารัตน์กระดาษสา,ระเบิด,1,0,ความประมาทของคนงาน,2547,ทำกระดาษสา,น่าน
148,บ.ยางไทยปักษ์ใต้,อัคคีภัย,0,0,ไฟฟ้าลัดวงจร,2547,ทำยางแท่ง ยางแผ่นรมควัน,นราธิวาส
149,บ.นายพิชิต ประสิทธิภาพ,อัคคีภัย,0,0,ไฟฟ้าลัดวงจร,2547,ต้มน้ำมันเย็น,ปัตตานี
150,บ.ร้อยเอ็ด,สารเคมีรั่วไหล,0,0,ความประมาทของคนงาน,2547,ผลิตหรือจำหน่ายพลังงานไฟฟ้า,ร้อยเอ็ด
151,บ.คอมฟอร์ต เฟอร์นิเจอร์,อัคคีภัย,0,0,ไฟฟ้าลัดวงจร,2547,ทำเครื่องเรือนไม้,กรุงเทพ
152,บ.เอสโอ แท้ง คลีนนิ่งเทอร์มินอล,สารเคมีรั่วไหล,0,0,ของชำรุด,2547,ล้างถังน้ำมันและสารเคมีด้วยน้ำร้อน,ชลบุรี
153,บ.มรกต อินดัสทรีส์,อัคคีภัย,0,0,ไฟฟ้าลัดวงจร,2547,สกัดน้ำมันปาล์ม,สมุทรปราการ
154,บ.บางกอดสปริงอินดัสเตรียล,อัคคีภัย,0,0,ของชำรุด,2547,ทำอุปกรณ์สำหรับรถยนต์,สมุทรปราการ
155,บ.เอส ซี จี ,ระเบิด,3,1,ความประมาทของคนงาน,2547,ทำลิ้นปรับแรงดันต่างๆ,ปทุมธานี
156,บ.เอช วี พลาส,อัคคีภัย,0,0,ความประมาทของคนงาน,2547,ผลิตแผ่นพลาสติกพีวีซี,สมุทรสาคร
157,บ.อิซูมิพิสตันแมนูแฟคเจอริ่ง,อัคคีภัย,0,0,ความประมาทของคนงาน,2547,ผลิตลูกสูบสำหรับเครื่องยนต์,กรุงเทพ
158,บ.บี เจ อี เอ็นจิเนียริ่ง,ระเบิด,0,1,ออกแบบไม่ถูกต้อง,2547,กลึงโลหะ,กรุงเทพ
159,โรงงานน้ำแข็งระยองประมง,อัคคีภัย,5,0,ไฟฟ้าลัดวงจร,2547,ทำน้ำแข็ง,ระยอง
160,บ.บูรพาการไฟฟ้า จก. ,อัคคีภัย,0,0,ของชำรุด,2547,ผลิตมอเตอร์ไฟฟ้า,กรุงเทพ
161,บ. อะ ตอน ,อัคคีภัย,1,0,ความประมาทของคนงาน,2547,ประกอบชิ้นส่วนอิเล็กโทนิก,นครปฐม
162,นายบุญเหลือ อิ่มสุวรรณ,ระเบิด,0,14,ความประมาทของคนงาน,2547,ผลิตดอกไม้ไฟ,อยุธยา
163,บ.ชัยบูรพา,อัคคีภัย,0,0,ไฟฟ้าลัดวงจร,2547,ตัดเย็บเสื้อผ้า,กรุงเทพ
164,หจก.พัฒนาการฝ้าย,อัคคีภัย,0,0,ไฟฟ้าลัดวงจร,2547,เก็บฝ้ายและอัดฝ้าย,นนทบุรี
165,บ.เฟิสท์ ออฟ เซท,เครื่องจักร,1,0,ความประมาทของคนงาน,2547,พิมพ์สิ่งพิมพ์,กรุงเทพ
166,โรงงานเพชรงามการปัก,อัคคีภัย,0,0,ความประมาทของคนงาน,2547,ปักผ้า,กรุงเทพ
167,บ.ยูนิดแก๊ส แอนด์ ปิโตรเคมิเคิล,อัคคีภัย,0,0,ของชำรุด,2547,บรรจุก๊าซปิโตรเลียมเหลว,ฉะเชิงเทรา
168,หจก.โรงสีเบ๊ฮ่งฮวด ,อัคคีภัย,0,0,ไฟฟ้าลัดวงจร,2547,สีข้าว,สุพรรณบุรี
169,บ.แฟนซีอาร์ท,อัคคีภัย,0,0,ไฟฟ้าลัดวงจร,2547,ตัดเย็บเสื้อผ้า,กรุงเทพ
170,บ.มหาชัย ด็อกยาร์ด,ระเบิด,0,0,ความประมาทของคนงาน,2547,ต่อเริอและซ่อมเรือ,สมุทรสาคร
171,บ.ยูเนี่ยนพลาสติก,อัคคีภัย,0,0,ความประมาทของคนงาน,2547,ผลิตชิ่นส่วนพลาสติก,กรุงเทพ
172,องค์การอุตสาหกรรม,ก๊าซแอมโมเนียรั่ว,0,0,ความประมาทของคนงาน,2547,ทำน้ำแข็ง,กรุงเทพ
173,บ.เจริญสวัสดิ์ใยเทียมยืด,อัคคีภัย,0,0,ไฟฟ้าลัดวงจร,2547,ผลิตเส้นใยเทียม,นครปฐม
174,บ.โปรเอคเซล,อัคคีภัย,0,0,ของชำรุด,2547,ทำกล่องบรรจุเครื่องประดับจากพลาสติก,กรุงเทพ
175,บ.ดรากอนไทย ลัมเบอร์,อัคคีภัย,0,0,ของชำรุด,2547,ผลิตเฟอร์นิเจอร์,สมุทรปราการ
176,บ.ศิลาเขาแก้ว,เครื่องจักร,0,1,ความประมาทของคนงาน,2547,โม่บด และย้อยหิน,สุพรรณบุรี
177,บ.ซีพีพีซี,อัคคีภัย,0,0,ไฟฟ้าลัดวงจร,2547,ผลิตแผ่นพีวีซีแบบแข็ง,ระยอง
178,บ.กันยงอิเลคทริก,อัคคีภัย,0,0,ไฟฟ้าลัดวงจร,2547,ผลิตตู้เย็น,สมุทรปราการ
179,บ.ซิลเวอร์ไลท์,อัคคีภัย,0,0,ไฟฟ้าลัดวงจร,2547,ทอผ้าและปั่นด้าย,กรุงเทพ
180,นางรัชนีกร งามสถิรกุล,อัคคีภัย,0,0,ความประมาทของคนงาน,2547,ทำพลาสติกเป็นเม็ด,สมุทรปราการ
181,นายโอคุณ แซ่ตั้ง,อัคคีภัย,0,0,ไฟฟ้าลัดวงจร,2547,ทำเฟอร์นิเจอร์,กรุงเทพ
182,นายปัญจพงษ์ เจนสำเนียงกุล,เครื่องจักร,0,1,ความประมาทของคนงาน,2547,ผลิตถุงพลาสติก,กรุงเทพ
183,บ.แคทไวเลอร์,อัคคีภัย,0,0,ของชำรุด,2547,ผลิตแผ่นยาง,สมุทรปราการ
184,บ.ส.อัศวิน,อัคคีภัย,0,0,ความประมาทของคนงาน,2547,ผลิตยากันยุง,สมุทรปราการ
185,บ.อาร์ต อุตสาหกรรม,อัคคีภัย,0,0,ความประมาทของคนงาน,2547,ผลิตกระเบื่องยาง,กรุงเทพ
186,บ.บ้านนาสปินเท็กซ์,อัคคีภัย,0,0,ไฟฟ้าลัดวงจร,2547,ปั่นด้าย,นครนายก
187,บ.ว.เจริญวัฒนา,ระเบิด,0,2,ของชำรุด,2547,ฟอก ย้อมผ้า,สมุทรปราการ
188,บ.ยัวซ่า แบตเตอรี่,ท่อออกซิเจนระเบิด,4,0,ของชำรุด,2548,ทำแบตเตอรี่รถยนต์,สมุทรปราการ
189,โรงงานภูเก็ตเส้นหมี่และขนมจีน,อัคคีภัย,0,0,ไฟฟ้าลัดวงจร,2548,ทำเส้นหมี่และขนมจีน,ภูเก็ต
190,บ.โอเรียนตอล การ์เมนท์,เครื่องจักร,1,0,ของชำรุด,2548,ตัดเย็บเสื้อผ้า,กรุงเทพ
191,บ.เซ็นจูรี่ รับเบอร์,อัคคีภัย,0,0,ไฟฟ้าลัดวงจร,2548,ผลิตยาง,นครปฐม
192,บ.ริบบิ้นระฆัง,อัคคีภัย,0,0,ไฟฟ้าลัดวงจร,2548,ทำดอกไม้เทียม,กรุงเทพ
193,บ.มาร์เด็ด-ยะลา,อัคคีภัย,0,0,ของชำรุด,2548,ทำน้ำยางข้น ยางแผ่น ยางรมควัน,ยะลา
194,บ.เพื่อนวัว จก,อัคคีภัย,0,0,ไฟฟ้าลัดวงจร,2548,ผลิตอาหารสัตว์,นครปฐม
195,โรงน้ำแข็งอยู้เจริญ,ก๊าซแอมโมเนียรั่ว,7,0,ของชำรุด,2548,ผลิตน้ำแข็ง,กรุงเทพ
196,บริษัท โอตานิ,อัคคีภัย,0,0,สภาพอากาศ,2548,ผลิตยางรถยนต์,นครปฐม
197,บ.มอนเทอรย์เอเชีย,อัคคีภัย,0,0,ความประมาทของคนงาน,2548,รมควันยาง,สงขลา
198,บ.โชติวัฒน์อุตสาหกรรม,ระเบิด,14,0,ออกแบบไม่ถูกต้อง,2548,ทำอาหารทะเลแช่แข็ง,สงขลา
199,บ.อันดามันซีฟู้ด,ก๊าซแอมโมเนียรั่ว,75,0,ออกแบบไม่ถูกต้อง,2548,ทำอาหารทะเลแช่แข็ง,ระนอง
200,บ.เอกวิริยะ จก.,อัคคีภัย,0,0,ความประมาทของคนงาน,2548,ทำโครงเหล็กตู้เสื้อผ้า,กรุงเทพ
201,บ.เอ็มไทยอินดัสเทรียล,อัคคีภัย,2,0,ของชำรุด,2548,ผลิตแคลเซียมคาร์ไบต์,สมุทรสาคร
202,บ.เพียรประดิษฐ์รับเบอร์,อัคคีภัย,0,0,ของชำรุด,2548,รมควันยาง,สุราษฏร์ธานี
203,บ.วู้ดเวอร์ค ไซโตะ ,อัคคีภัย,0,0,ไฟฟ้าลัดวงจร,2548,ผลิตไม้ยางแปรรูป,กระบี่
204,บ.ที่นอนดาลิ่ง,อัคคีภัย,0,0,ไฟฟ้าลัดวงจร,2548,เย็บที่นอนชนิดต่างๆ,กรุงเทพ
205,บ.น่ำเฮงฮวด,อัคคีภัย,0,0,ของชำรุด,2548,ซ่อมและล้างถังบรรจุเคมีภัณฑ์,สมุทรปราการ
206,หจก.โรงกลึงจันทร์ศิริการช่าง,อัคคีภัย,2,1,ไฟฟ้าลัดวงจร,2548,ซ่อมอุปกรณ์เครื่องยนต์,กรุงเทพ
207,บ.โยเนะเด็น,สารเคมีรั่วไหล,57,0,ของชำรุด,2548,ผลิตชิ้นส่วนคอมพ์,อยุธยา
208,นายพงศกร โพธิ์เจริญ,เครื่องจักร,0,1,ความประมาทของคนงาน,2548,อัดเศษกระดาษ,ราชบุรี
209,คลังเก็บสินค้าประเภทเฟอร์นิเจอร์,อัคคีภัย,0,0,ไฟฟ้าลัดวงจร,2548,คลังเก็บสินค้า,กรุงเทพ
210,บ.ตรีอรรถบูรณ์อุตสาหกรรม,อัคคีภัย,0,0,ไฟฟ้าลัดวงจร,2548,ผลิตของใช้จากพลาสติก,นครปฐม
211,บ.สยามเซมพอร์เมด,อัคคีภัย,0,0,ของชำรุด,2548,ผลิตถุงมือยางแพทย์,สงขลา
212,บ.มิสเตอร์แซนต้า,อัคคีภัย,0,0,ความประมาทของคนงาน,2548,ทำตุ๊กตาพลาสติก,กรุงเทพ
213,บ.กรุงเทพผลิตเหล็ก,ระเบิด,5,0,ของชำรุด,2548,หลอมหล่อเหล็กแท่ง,สมุทรปราการ
214,บ.หวาเลี่ยง เซรามิค ฮาร์ดแวร์ แฟคโทรี่,อัคคีภัย,1,0,ของชำรุด,2548,ผลิตอุปกรณ์จับยึดสำหรับเฟอร์นิเจอร์,สมุทรปราการ
215,บ.ธนภิญโญ โพลิพลาส คอร์เปอเรชั้น,อัคคีภัย,0,0,ไฟฟ้าลัดวงจร,2548,ทำพิ้นรองเท้าพีวีซี,นครปฐม
216,หจก.ตั้งเจริญออกซิเจน,ท่อออกซิเจนระเบิด,0,1,ความประมาทของคนงาน,2548,บรรจุก๊าซออกซิเจน,สระบุรี
217,บ.วงศ์บัณทิต,อัคคีภัย,0,0,ไฟฟ้าลัดวงจร,2548,ทำยางแท่ง ยางแผ่นรมควัน,สุราษฏร์ธานี
218,บ.ซีเท็กซ์ อินดัสเดรียล,อัคคีภัย,0,0,ความประมาทของคนงาน,2548,ผลิตโฟม,ชลบุรี
219,บ.เซฟสกิน คอเปอเนชั่น,ระเบิด,7,0,ขาดการบำรุงรักษา,2548,ผลิตถุงมือยางแพทย์,สงขลา
220,บ.อะโรเมติกส์,อัคคีภัย,0,0,ของชำรุด,2548,ผลิตสารอะโรเมติกส์,ระยอง
221,บ.เจียมคอสเมติก,อัคคีภัย,0,0,ความประมาทของคนงาน,2548,ผลิตบรรจุภันณ์,สมุทรปราการ
222,น.ส.วรรณี แซ่ตั้ง,อัคคีภัย,0,0,ไฟฟ้าลัดวงจร,2548,ทำไม้แขวนเสื้อ,กรุงเทพ
223,บ.สายวิวัฒน์อุตสาหกรรม,อัคคีภัย,0,0,ของชำรุด,2548,ย้อมเส้นด้ายและผ้ายืด,กรุงเทพ
224,บ.ลี 1991 จก.,ก๊าซแอมโมเนียรั่ว,2,0,ความประมาทของคนงาน,2548,ผลิตน้ำแข็ง,กรุงเทพ
225,บ.ยูไนเต็ดกระบี่รับเบอร์,อัคคีภัย,0,0,ความประมาทของคนงาน,2548,ผลิตยางรมควัน,กระบี่
226,บ.แหลมทองโพลทรี,ก๊าซแอมโมเนียรั่ว,80,0,ความประมาทของคนงาน,2548,ผลิตอาหารแช่แข็ง,นครราชสีมา
227,บ.เจริญโภคภัณอาหาร,ก๊าซแอมโมเนียรั่ว,64,0,ของชำรุด,2548,แปรรูปอาหาร,ระยอง
228,บ.เอส ซี ที อลูมินั่มแฟตเตอรี่,อัคคีภัย,0,0,ออกแบบไม่ถูกต้อง,2548,หลอม รีดอะลูมืเนียม,กรุงเทพ
229,บ.แอนเทียร์ ,อัคคีภัย,2,0,ไฟฟ้าลัดวงจร,2548,ผสมและแบ่งบรรจุเคมีภัณฑ์,นครปฐม
230,หจก.บ้านปิยะแก๊ส,อัคคีภัย,6,1,ของชำรุด,2548,แบ่งบรรจุก๊าซหุงต้ม,สุราษฏร์ธานี
231,บ.สยามไฟร์เวอค์,อัคคีภัย,0,0,ของชำรุด,2548,ผลิตดอกไม้ไฟ,สมุทรสาคร
232,บ.ผลิตไฟฟ้าราชบุรี,อัคคีภัย,0,0,ความประมาทของคนงาน,2548,ผลิตพลังงานไฟฟ้า,ราชบุรี
233,บ.โรงงานศรีกรุงธนฟอกย้อม,อัคคีภัย,0,0,ความประมาทของคนงาน,2548,ฟอกย้อมผ้า,กรุงเทพ
234,บ.ปัญพลไฟเบอร์คอนเทนเนอร์,ระเบิด,1,1,ขาดการบำรุงรักษา,2548,ผลิตกระดาษ,สมุทรสาคร
235,บ.ไทยเจีย จก.,อัคคีภัย,0,0,ของชำรุด,2548,ทำหินเจีย,สระบุรี
236,บ.วีแอนด์ เอฟ อินเตอร์คอนเน๊ตเตอร์,อัคคีภัย,0,0,ไฟฟ้าลัดวงจร,2548,ทำพิ้นรองเท้า,สมุทรปราการ
237,นางจุรี เจริญกิจไพบูลย์,อัคคีภัย,0,0,ความประมาทของคนงาน,2548,ทำรองเท้าหนัง,กรุงเทพ
238,บ.รวมกิจการยางพารา,อัคคีภัย,0,0,ความประมาทของคนงาน,2548,ผลิตยางรมควัน,พังงา
239,นายสิทธิพพล เอี่ยมละออ,อัคคีภัย,0,0,ไฟฟ้าลัดวงจร,2548,ทำตู้ลำโพง,กรุงเทพ
240,บ.พลายซีฟูดส์,อาคารถล่ม,2,0,ออกแบบไม่ถูกต้อง,2548,ทำลูกชิ้นปลา,สมุทรสาคร
241,หจก.เพิ่มพรพลาสติด,อัคคีภัย,0,0,ไฟฟ้าลัดวงจร,2548,ผลิตผลิตภัณฑ์พลาสติก,กรุงเทพ
242,บ.ที พี ดรักแลบบอราทอรีส์,ระเบิด,3,0,ความประมาทของคนงาน,2548,ผลิตยารักษาโรค,กรุงเทพ
243,บ.ตะวันออกโปลิเมอร์อุตสาหกรรม,อัคคีภัย,0,0,ของชำรุด,2548,ผลิตยางสำเร็จรูป,สมุทรปราการ
244,หสจ.เพิ่มพรพลาสติก,อัคคีภัย,0,0,ไฟฟ้าลัดวงจร,2548,ผลิตถุงพลาสติก,กรุงเทพ
245,บ.แสตนดาร์ค รับเบอร์ แฟตเตอรี่,อัคคีภัย,0,0,ไฟฟ้าลัดวงจร,2548,ทำผลิตภัณฑ์ยาง,นนทบุรี
246,บ.โอเรียนตอล การ์เมนท์,เครื่องจักร,1,0,ความประมาทของคนงาน,2549,ผลิตเสื้อผ้า,กรุงเทพ
247,บ.เบลตัน อินดัสเตนีบล,ก๊าซแอมโมเนียรั่ว,31,0,ของชำรุด,2549,ผลิตชิ้นส่วนหรืออุปกรณ์ที่ใช่กับผลิตภัณฑ์อิเล็กทรอนิกส์,ปทุมธานี
248,บ.โรงน้ำแข็งรวมสิน,ก๊าซแอมโมเนียรั่ว,0,0,ความประมาทของคนงาน,2549,ผลิตน้ำแข็ง,นนทบุรี
249,บ.โกลบัล ลูบริแค็นท์,อัคคีภัย,0,0,ความประมาทของคนงาน,2549,รีไซเคิลน้ำมันหล่อลื่น,สมุทรปราการ
250,บ.น้ำตาลกุมภาวาปี,เครื่องจักร,0,1,ความประมาทของคนงาน,2549,ทำน้ำตาลทราย,อุดรธานี
251,บ.ไมลอทท์แลบบอราทอรีส์,อัคคีภัย,0,0,ไฟฟ้าลัดวงจร,2549,ผลิตเครื่องสำอาง,สมุทรปราการ
252,หจก.น้ำแข็งเลิศนิมิตร,ก๊าซแอมโมเนียรั่ว,19,0,ของชำรุด,2549,ผลิตน้ำแข็ง,ชัยภูมิ
253,นางมาลี วังศรีรัมย์,อัคคีภัย,0,0,ไฟฟ้าลัดวงจร,2549,ผลิตที่นอน,สมุทรปราการ
254,บ.มิลลิ่ง เม็ททอล อินดัสเตรีบล,อัคคีภัย,0,0,ไฟฟ้าลัดวงจร,2549,ผลิตอุปกรณ์ประตูหน้าต่าง,สมุทรสงคราม
255,บ.สยามอินโนเวชั่น,อัคคีภัย,0,0,ไฟฟ้าลัดวงจร,2549,ผลิตรองเท้า,สมุทรสาคร
256,นายพิทักษ์ ยาจัทรา,ระเบิด,0,1,ความประมาทของคนงาน,2549,ทำพลุ,ปราจีนบุรี
257,หจก.เวินขุนทดคอนสตรัคชั่น,อัคคีภัย,1,0,ความประมาทของคนงาน,2549,ผลิตฉนวนกันความร้อน,สมุทรปราการ
258,บ.ทวีรกิจสิ่งทอ,อัคคีภัย,0,0,ไฟฟ้าลัดวงจร,2549,ทอผ้า,สมุทรสาคร
259,โรงน้ำแข็งบ้านไพ่,ก๊าซแอมโมเนียรั่ว,9,0,ของชำรุด,2549,ผลิตน้ำแข็ง,ขอนแก่น
260,บ.เอส เค ชุมพร,ระเบิด,0,0,ของชำรุด,2549,ผลิตน้ำแข็ง,ชุมพร
261,บ.เมโทร เอ็ม ดี เอฟ,ระเบิด,0,0,ของชำรุด,2549,ผลิตแผ่นใยไม้อัด,กาญจนบุรี
262,หจก.ศรีนครินท์ 89 ,อัคคีภัย,3,0,ของชำรุด,2549,แบ่งบรรจุก๊าซหุงต้ม,สมุทรปราการ
263,บ.ฟูรูกาวา ไฟเทล,ระเบิด,1,0,ความประมาทของคนงาน,2549,ผลิตชิ้นส่วนและผลิตภัณฑ์อิเล็กโทรนิกส์,อยุธยา
264,บ.โชคเพชรสมุทร 1999,เครื่องจักร,0,1,ความประมาทของคนงาน,2549,ผลิตน้ำแข็ง,กรุงเทพ
265,บ.ผาสิงห์ออยส์,อัคคีภัย,0,0,ไฟฟ้าลัดวงจร,2549,ทำน้ำมันผสมสีทาบ้าน,อุดรธานี
266,บ.ผลิตภัณยางไทย,อัคคีภัย,0,0,ไฟฟ้าลัดวงจร,2549,ทำรองเท้า,กรุงเทพ
267,บ.คิดส์ แอนด์ ทอยส์,อัคคีภัย,0,0,ไฟฟ้าลัดวงจร,2549,ทำเครื่องเล่นจากไม้,ปทุมธานี
268,หจก.เชียงใหม่ศุภรัตน์,อัคคีภัย,0,0,ไฟฟ้าลัดวงจร,2549,เลื่อย ไส ซอยไม้แปรรูป,เชียงใหม่
269,บ.ยูเนียนแท็กซ์นิตติ้ง,อัคคีภัย,0,0,ของชำรุด,2549,ถักผ้ายืด,สมุทรสาคร
270,โรงงาน เอ เวอร์ พี,ระเบิด,1,0,ความประมาทของคนงาน,2549,ผลิตน้ำดื่ม,พิจิตร
271,บ.วันไทยอุตสาหกรรมการอาหาร ,ระเบิด,0,0,ของชำรุด,2549,ผลิตบะหมี่กึ่งสำเร็จรูป,กรุงเทพ
272,บ.สยามโมเบลอร์,อัคคีภัย,0,0,วางเพลิง,2549,ทำเครื่องเรือนใช้จากไม้,สมุทรสาคร
273,บ.ไฮฮีโร่,อัคคีภัย,0,0,วางเพลิง,2549,ผลิตยางนอกรถยนต์,ปทุมธานี
274,บ.เอคโค,อัคคีภัย,0,0,ความประมาทของคนงาน,2549,ผลิตรองเท้า,อยุธยา
275,บ.อีทีอี แพคเกจจิ้ง,อัคคีภัย,0,0,ไฟฟ้าลัดวงจร,2549,ผลิตภาชนะบรรจุโฟม,ปทุมธานี
276,บ.เอี่ยมบูรพา จก,อัคคีภัย,0,0,ของชำรุด,2549,ทำแป้งมันสำปะหลัง,สระบุรี
277,บ.โออินด์ ไอ อินดัสเตรีบล,อัคคีภัย,0,0,ไฟฟ้าลัดวงจร,2549,ผลิตภัณฑ์ไม้,นครปฐม
278,นายสมนึก ดังก้อง,ระเบิด,6,4,ไฟฟ้าลัดวงจร,2549,ทำพลุดอกไม้ไฟ,เพชรบุรี
279,บ.ฮาร่า,อัคคีภัย,10,0,ของชำรุด,2549,ตัดเย็บเสื้อผ้า,กรุงเทพ
280,หจก.แห่วซินกวง,อัคคีภัย,0,0,ของชำรุด,2549,อบถั้วลิสง,น่าน
281,บ.บุญชอบพารา,อัคคีภัย,0,0,ความประมาทของคนงาน,2549,รมควันยาง,ยะลา
282,อู่ ส การช่าง,ระเบิด,3,2,ของชำรุด,2549,ซ่อมรถยนต์,ปทุมธานี
283,โรงงานน้ำแข็งธาราทิพย์,ก๊าซแอมโมเนียรั่ว,0,0,ความประมาทของคนงาน,2549,ทำน้ำแข็ง,นนทบุรี
284,บ.ยูซาน เอ็นเตอร์ไพรส์,อัคคีภัย,0,0,ของชำรุด,2549,ทำเครื่องไม้จากไม้ยางพารา,ชลบุรี
285,บ.เอส แอน ดี มารีน,ก๊าซแอมโมเนียรั่ว,15,0,ขาดการบำรุงรักษา,2549,ผลิตอาหารทะเลแช่แข็ง,ชุมพร
286,หจก.โรงน้ำแข็งมิตรภาพ,ก๊าซแอมโมเนียรั่ว,0,0,ความประมาทของคนงาน,2549,ทำน้ำแข็ง,ขอนแก่น
287,นายจำลอง จันทร์มณี ,ระเบิด,3,0,ไฟฟ้าลัดวงจร,2549,ทำพลุดอกไม้ไฟ,สุพรรณบุรี
288,บ.โอเรียนตอล การ์เมนท์,เครื่องจักร,1,0,ความประมาทของคนงาน,2549,ผลิตเสื้อผ้า,กรุงเทพ
289,สหกรณ์กองทุนสวนยาว,อัคคีภัย,0,0,ของชำรุด,2549,ทำยางแผ่นดิบ,พัทลุง
290,หจก.ส.สุเทพการสุรา,ระเบิด,4,0,ออกแบบไม่ถูกต้อง,2549,ผลิตสุราพื้นบ้าน,อ่างทอง
291,บ.เจียบฮงการ์เมนท์,อัคคีภัย,0,0,ความประมาทของคนงาน,2549,ผลิตเสื้อผ้า,กรุงเทพ
292,บ.นครชัยปราการ,อัคคีภัย,0,0,ของชำรุด,2549,ผลิตสารตัวทำละลายจากการแยกคอนเดนเซท,ชลบุรี
293,บ.โอกิ,อัคคีภัย,4,0,ความประมาทของคนงาน,2549,ผลิตประกอบเครื่องพิมพ์,อยุธยา
294,หจก.จิรกาลสวัสดิ์,อัคคีภัย,0,0,ไฟฟ้าลัดวงจร,2549,ซ่อม เคาะ พ่นสีรถยนต์,กรุงเทพ
295,นางสินินาถ เรืองฤทธิ์,ระเบิด,0,1,ไฟฟ้าลัดวงจร,2549,ทำพลุดอกไม้ไฟ,อ่างทอง
296,บ.ตงหยาง,เครื่องจักร,0,1,ของชำรุด,2549,ผลิตชิ้นส่วนอุปกรณ์รถยนต์,ปทุมธานี
297,บ.เชิญมิ้งเอ็นเตอร์ไพร์ส,อัคคีภัย,0,0,ไฟฟ้าลัดวงจร,2549,ผลิตเม็ดพลาสติก,สมุทรสาคร
298,การไฟฟ้าฝ่ายผลิตแห่งประเทศไทย,อัคคีภัย,0,0,ของชำรุด,2549,ผลิต ส่งและจำหนายไฟฟ้า,ฉะเชิงเทรา
299,บ.ยางไทยปักษ์ใต้,อัคคีภัย,0,0,วางเพลิง,2549,ทำยางแท่ง,ปัตตานี
300,บ.บางกอกโคมัตสุ,อัคคีภัย,0,1,ความประมาทของคนงาน,2549,หลอม หล่อ กึง โลหะ,ชลบุรี
301,บ.ทีโอเอ เพ้นท์,อัคคีภัย,2,0,ความประมาทของคนงาน,2549,ผลิตสี,สมุทรปราการ
302,บ.เอฟเอสเค ไทยแลนด์,อัคคีภัย,0,0,ออกแบบไม่ถูกต้อง,2549,ผลิตเครื่องมือตัดเจียร,อยุธยา
303,หจก.วงศ์รุ่งเรืองอุตสาหกรรม,อัคคีภัย,0,0,ของชำรุด,2549,แปรรูปไม้,ระยอง
304,บ.เบอร์ลี่ ยุคเกอร์ เซลล็อกซ์,อัคคีภัย,0,0,ไฟฟ้าลัดวงจร,2549,ผลิตเยื่อกระดาษ,ปราจีนบุรี
305,บ.ถาวรอุตสาหกรรมยางพารา,เครื่องจักร,3,1,ของชำรุด,2549,ผลิตยางแผ่นรมควัน,สงขลา
306,บ.สระแก้วเจริญ,ระเบิด,2,1,ของชำรุด,2549,ผลิตแป้งมันสำปะหลัง,สระแก้ว
307,บ.ไทยโอเชี่ยนเวนเจอร์,ระเบิด,0,0,ของชำรุด,2549,ชำแหละ แกะ,ภูเก็ต
308,บ.โรงงานน้ำแข็งกิมซำ,ก๊าซแอมโมเนียรั่ว,0,0,ของชำรุด,2549,ผลิตน้ำแข็ง,สมุทรปราการ
309,บ.เอ็นโปร โปรดักซ์ ,อัคคีภัย,0,0,ไฟฟ้าลัดวงจร,2549,ผลิตถาดพลาสติก,นครราชสีมา
310,บ.เชาวสตีล,ระเบิด,0,0,ขาดการบำรุงรักษา,2549,ผลิตเหล็กแท่ง,ปราจีนบุรี
311,บ.เชิดชัยวู้ดมาสเตอร์,อัคคีภัย,0,0,ไฟฟ้าลัดวงจร,2549,ทำวงกบประตู,นครราชสีมา
312,อู่พรเพ็ญ,ระเบิด,1,1,ของชำรุด,2549,ซ่อมและพ่นสีรถยนต์,กรุงเทพ
313,นายธงชัย,ระเบิด,3,0,ความประมาทของคนงาน,2549,ทำพลุดอกไม้ไฟ,สุพรรณบุรี
314,หจก.ไทยลินินอุตสาหกรรม,ระเบิด,0,0,ไฟฟ้าลัดวงจร,2549,ทอผ้า,สมุทรปราการ
315,บ.ไทยนิปปอนฟู้ดส์,อัคคีภัย,0,0,ไฟฟ้าลัดวงจร,2549,ทำอาหารสำเร็จรูป,อยุธยา
316,บ.เอเชี่ยนยูเนี่ยน,ระเบิด,3,0,ของชำรุด,2549,ผลิตยารักษาโรค,สมุทรปราการ
317,บ.สยามโปรแกรส สตีล,อัคคีภัย,0,0,ไฟฟ้าลัดวงจร,2549,รีคเหล็กเส้น,สมุทรสาคร
318,หจก.อุตสาหกรรม ส ร รามา,อัคคีภัย,0,0,ไฟฟ้าลัดวงจร,2549,ผลิตรองเท้า,กรุงเทพ
319,บ.บริหารและพัฒนาการอนุรักษ์สิ่งแวดล้อม,อัคคีภัย,0,0,ความประมาทของคนงาน,2549,ให้บริการบำบัดและกำจัดของเสียอุตสาหกรรม,ระยอง
320,นายซง ภูดัง,ระเบิด,1,0,ความประมาทของคนงาน,2549,ทำพลุดอกไม้ไฟ,ราชบุรี
321,บ.ซี แอนด์ เอ โปรดักส์,อัคคีภัย,0,0,ไฟฟ้าลัดวงจร,2549,ผลิตน้ำกะทิ,ราชบุรี
322,บ.นิคเคสยามอลูมิเนียม,อัคคีภัย,0,0,ของชำรุด,2549,ผลิตอลูมิเนียม,ปทุมธานี
323,บ.แอสโซซิเอท,เครื่องจักร,0,1,ของชำรุด,2549,ทำกล่องกระดาษ,ฉะเชิงเทรา
324,บ.เอส ซี เลเธอร์,อัคคีภัย,2,0,ไฟฟ้าลัดวงจร,2549,ผลิตเฟอร์นิเจอร์,สมุทรปราการ
325,บ.โพลิ เปเปอร์ คาร์ตอน,อัคคีภัย,0,0,ไฟฟ้าลัดวงจร,2549,ทำกล่องกระดาษ,สมุทรปราการ
326,สตาร์บูม อินเตอร์พริ้นท์,อัคคีภัย,0,0,ขาดการบำรุงรักษา,2549,พิมพ์สิ่งพิมพ์,สมุทรปราการ
327,บ.ไทย เปเปอร์มิลล์,อัคคีภัย,0,0,ไฟฟ้าลัดวงจร,2549,ผลิตกระดาษ,ระยอง
328,เกียไถ่การท่อ,อัคคีภัย,2,0,ไฟฟ้าลัดวงจร,2549,ทอผ้า,สมุทรปราการ
329,บ.จิ้งฮงระยอง,อัคคีภัย,0,0,ไฟฟ้าลัดวงจร,2550,เก็บเม็ดพลาสติก,ระยอง
330,หจก.ร้อยเปอร์เซนต์,อัคคีภัย,2,2,ไฟฟ้าลัดวงจร,2550,ทำป้ายโฆษณา,กรุงเทพ
331,นายพรพรรษ เมฆกล่อม,อัคคีภัย,0,0,วางเพลิง,2550,คัดแยกวัสดุที่ไม่ได้รับแล้วจากโรงงาน,ระยอง
332,บ.เมอร์กาโต เมดิตัล,อัคคีภัย,0,0,ไฟฟ้าลัดวงจร,2550,ผลิตถุงมือยาง,สงขลา
333,บ.มินเทคเอ็นเตอร์ไพร์ส์,อัคคีภัย,0,0,ไฟฟ้าลัดวงจร,2550,ฉีดพลาสติก,สมุทรปราการ
334,บ.ไออาร์พีซี,อัคคีภัย,0,0,ไฟฟ้าลัดวงจร,2550,ผลิตเอธิลีน,ระยอง
335,บ.ซีทีเอฟ,มีดบาด,1,0,ความประมาทของคนงาน,2550,ชำแหละเป็ดไก่,กรุงเทพ
336,บ.เด็นโซ่,เครื่องจักร,1,0,ความประมาทของคนงาน,2550,ผลิตชิ้นส่วนอุปกรณ์ไฟฟ้ายานยนต์,ชลบุรี
337,บ.เพอร์เฟคเปเปอร์,อัคคีภัย,0,0,ความประมาทของคนงาน,2550,คัดแยกกระดาษและอัดกระดาษแท่งก้อน,ปทุมธานี
338,บ.เมดิโกลฟ์ ,อัคคีภัย,4,0,ความประมาทของคนงาน,2550,ผลิตถุงมือยาง,ปทุมธานี
339,บ.นิน่าอุตสาหกรรม,อัคคีภัย,0,0,ของชำรุด,2550,ผลิตแผ่นผ้าอนามัย,กรุงเทพ
340,นายเก่งกาจ สุภาพดี,อัคคีภัย,0,1,ไฟฟ้าลัดวงจร,2550,ทำเครื่องเรือนจากไม้,กรุงเทพ
341,บ.ไทยโตชิบาอุตสาหกรรม,อัคคีภัย,0,0,ความประมาทของคนงาน,2550,ผลิตเครื่องใช้ไฟฟ้า,นนทบุรี
342,บ.ธารารัตน์ น้ำแข็งหลอด,ก๊าซแอมโมเนียรั่ว,20,0,ความประมาทของคนงาน,2550,ผลิตน้ำแข็ง,ชลบุรี
343,บ.กู๊ดเยียร์,อัคคีภัย,0,0,ของชำรุด,2550,ผลิตยางรถยนต์,ปทุมธานี
344,บ.อยู่ยงพัฒนา,ก๊าซแอมโมเนียรั่ว,74,0,ขาดการบำรุงรักษา,2550,ห้องเย็นเก็บรักษาเนื้อสัตว์,กรุงเทพ
345,นายพงษ์ชาติ จึงสถาปัตย์ชัย,อัคคีภัย,0,0,ไฟฟ้าลัดวงจร,2550,อัดโฟมและฟองน้ำ,กรุงเทพ
346,นายบุญชู เอื้อเวชนิชกุล,ก๊าซแอมโมเนียรั่ว,2,0,ขาดการบำรุงรักษา,2550,ห้องเย็นเก็บรักษาเนื้อสัตว์,กรุงเทพ
347,บ.เชียงรายนอร์เทิร์นการ์เม้น,อัคคีภัย,0,0,ไฟฟ้าลัดวงจร,2550,ทอผ้า,เชียงราย
348,หจก.นิวเวิลด์อินเตอร์เนชั่นแนล,อัคคีภัย,0,0,ของชำรุด,2550,ทำไฟเบอร์บอร์ด,สมุทรปราการ
349,บ.แอ็ดวานซ์ไบโอพาวเวอร์,ระเบิด,0,0,ของชำรุด,2550,ผลิตไฟฟ้า,บุรีรัมย์
350,บ.โรงงานสุราพิเศษ,อัคคีภัย,0,0,ของชำรุด,2550,ผลิตสุรา,นครปฐม
351,บ.พี.โค.ที.อินทีเรีย,อัคคีภัย,0,0,ไฟฟ้าลัดวงจร,2550,ทำเครื่องเรือนไม้,กรุงเทพ
352,หจก.ห้องเย็นร้อยเอ็ด,ก๊าซแอมโมเนียรั่ว,0,0,ของชำรุด,2550,ห้องเย็นเก็บรักษาเนื้อสัตว์,ร้อยเอ็ด
353,บ.ซีพีเอฟ ,ของตกทับ,1,0,ความประมาทของคนงาน,2550,ชำแหละเป็ดไก่,กรุงเทพ
354,บ.ซีพีเอฟ ,มีดบาด,1,0,ความประมาทของคนงาน,2550,ชำแหละเป็ดไก่,กรุงเทพ
355,บ.ซีพีเอฟ ,ระเบิด,0,2,ของชำรุด,2550,ชำแหละเป็ดไก่,กรุงเทพ
356,บ.ไทยเคมีภัณฑ์,วัตถกระเด็นเข้าตา,1,0,ของชำรุด,2550,ผลิตฟอร์มาลีน,สมุทรปราการ
357,บ.แชริสเตอร์ เอ็นเตอร์ไพร์ส์,อัคคีภัย,0,0,ไฟฟ้าลัดวงจร,2550,ผลิตเก้าอี้นวมจากเหล็ก,ปราจีนบุรี
358,บ.ดี เอ็ม อาร์ เคมีคอล,อัคคีภัย,2,0,ของชำรุด,2550,เก็บรักษาและแบ่งบรรจุเคมีภัณฑ์,สมุทรปราการ
359,บ.สมบูรณ์ปิโตรเลียม,ระเบิด,3,4,ของชำรุด,2550,แบ่งบรรจุก๊าซหุงต้ม,กาฬสินธุ์
360,บ.นิว มาร์เวล,อัคคีภัย,0,0,ไฟฟ้าลัดวงจร,2550,แบ่งบรรจุก๊าซ,กาฬสินธุ์
361,นายพินิจ ชูเกียรติวัฒนากุล,อัคคีภัย,0,0,ไฟฟ้าลัดวงจร,2550,ผลิตชิ้นส่วนและสกรีนรองเท้า,ชลบุรี
362,บ.แกรมเปี่ยน,ก๊าซแอมโมเนียรั่ว,2,0,ของชำรุด,2550,ชำแหละเป็ดไก่,นครนายก
363,บ.ซีพีเอฟ ,อัคคีภัย,0,0,ของชำรุด,2550,ชำแหละเป็ดไก่,กรุงเทพ
364,บ.รับเบอร์ พลาเนท,อัคคีภัย,0,0,ไฟฟ้าลัดวงจร,2550,ผลิตยางแผ่นรมควัน,ระยอง
365,นายบัวเงิน มีกิจ,ระเบิด,2,0,ความประมาทของคนงาน,2550,ทำพลุดอกไม้ไฟ,เชียงใหม่
366,บ.นทีทองโพลิเมอร์,ระเบิด,1,1,ของชำรุด,2550,ผลิตน้ำยาเคลือบเงา,สมุทรสาคร
367,บ.อุตสาหกรรมน้ำตาล,เครื่องจักร,0,1,ของชำรุด,2550,ทำน้ำตาลทราย,อุทัยธานี
368,หจก.วงศ์ตระกูลโลหะกิจ,อัคคีภัย,0,0,ไฟฟ้าลัดวงจร,2550,หลอมตะกั้วจากแบตเตอรี่เก่า,นครปฐม
369,นายอนันต์ เกษมเศรษฐสิทธิ์,อัคคีภัย,0,0,ไฟฟ้าลัดวงจร,2550,อบพืชหรือเมล็ดพืช,ตาก
370,บ.ซีพีเอฟ ผลิตภัณอาหาร,เครื่องจักรกระแทก,1,0,ความประมาทของคนงาน,2551,ชำแหละเป็ดไก่,กรุงเทพ
371,บ.ซีพีเอฟ ผลิตภัณอาหาร,ถูกทับ,1,0,ความประมาทของคนงาน,2551,ชำแหละเป็ดไก่,กรุงเทพ
372,บ.ซีพีเอฟ ผลิตภัณอาหาร,ถูกทับ,1,0,ความประมาทของคนงาน,2551,ชำแหละเป็ดไก่,กรุงเทพ
373,บ.ยูนิไทย ชิปยาร์ด,ระเบิด,6,2,ของชำรุด,2551,ซ่อมและต่อเรือ,ชลบุรี
374,บ.ซีพีเอฟ ผลิตภัณอาหาร,เครื่องจักรกระแทก,1,0,ความประมาทของคนงาน,2551,ชำแหละเป็ดไก่,กรุงเทพ
375,บ.อาร์เอสดี ฟอกย้อม,อัคคีภัย,0,0,ความประมาทของคนงาน,2551,ซักรีดเสื้อผ้า,นครปฐม
376,หจก.โรงน้ำแข็งสหเสริม,ก๊าซแอมโมเนียรั่ว,0,0,ของชำรุด,2551,ผลิตน้ำแข็ง,กรุงเทพ
377,บ.โกลว์พลังงาน ,อัคคีภัย,0,0,ของชำรุด,2551,ผลิตไฟฟ้า,ระยอง
378,บ.น้ำตาลบุรีรัมย์,อัคคีภัย,0,0,ไฟฟ้าลัดวงจร,2551,ผลิตน้ำตาลทรายดิบ ทรายขาว,บุรีรัมย์
379,บ.พีทีที ฟีนอล,สารเคมีรั่วไหล,0,0,ออกแบบไม่ถูกต้อง,2551,ผลิตสารฟีนอล,ระยอง
380,บ.โรงน้ำแข็งรวมสิน,ก๊าซแอมโมเนียรั่ว,0,0,ของชำรุด,2551,ผลิตน้ำแข็ง,นนทบุรี
381,บ.วี เอส วี,อัคคีภัย,0,0,ไฟฟ้าลัดวงจร,2551,ผลิตสี,สมุทรสาคร
382,บ.ไทยเรยอนจก.,เครื่องจักรหนีบ,0,1,ความประมาทของคนงาน,2551,ผลิตเส้นใยเทียม,อ่างทอง
383,บ.คาโปรแลคตัม ไทย จก.,สารเคมีรั่วไหล,0,0,ขาดการบำรุงรักษา,2551,ผลิตสารคาโปรแลคตัม,ระยอง
384,บ.ริเวอร์แคว อินเตอร์เนชั่นแนล,ระเบิด,2,1,ความประมาทของคนงาน,2551,ผลิตอาหารสำเร็จรูป,กาญจนบุรี
385,บ.พี วี เจ พลาสติก,อัคคีภัย,0,0,ไฟฟ้าลัดวงจร,2551,ผลิตเครื่องใช้จากพลาสติก,ฉะเชิงเทรา
386,บ.ไทยวอล์ลเปเปอร์,ระเบิด,0,2,ของชำรุด,2551,ทำหนังเทียม,กรุงเทพ
387,บ.บิ๊กสตาร์,อัคคีภัย,0,0,ไฟฟ้าลัดวงจร,2551,ผลิตรองเท้า,กรุงเทพ
388,บ.เอี่ยมบูรพา จก,ระเบิด,2,0,ของชำรุด,2551,ผลิตแป้งมันสำปะหลัง,สระแก้ว
389,นายนิพนธ์ อิ่นคำ,ระเบิด,0,1,ความประมาทของคนงาน,2551,ทำพลุดอกไม้ไฟ,เชียงใหม่
390,บ.อดิตยา เบอร์ล่า เคมีคัลส์,ก๊าซรั่ว,0,0,ขาดการบำรุงรักษา,2551,ผลิตสารคลออัลคาไรน์,ระยอง
391,บ.โนเบล เอ็นซี,ระเบิด,2,0,ของชำรุด,2551,ผลิตไนโตรเซลลูโลส,ชัยนาท
392,บ.แพรกซ์แอร์,ก๊าซแอมโมเนียรั่ว,0,0,ของชำรุด,2551,ผลิตคาร์บอนไดออกไซด์เหลว,ระยอง
393,บ.เครื่องนุ่งห่มสำเร็จรูป,อัคคีภัย,0,0,ของชำรุด,2552,ฟอกย้อมผ้า,ราชบุรี
394,หจก.เพิ่มพรพลาสติด,อัคคีภัย,0,0,ไฟฟ้าลัดวงจร,2552,ทำของใช้ต่างๆด้วยพลาสติก,กรุงเทพ
395,บ.บริหารและพัฒนาการอนุรักษ์สิ่งแวดล้อม,อัคคีภัย,0,0,ความประมาทของคนงาน,2552,ปรับคุณภาพของเสีย,กรุงเทพ
396,บ.เคฮิน,อัคคีภัย,30,0,ไฟฟ้าลัดวงจร,2552,ผลิตชิ้นส่วนอุปกรณ์หัวฉีด,ลำพูน
397,บ.เอสซีที ไบโอดีเซล,อัคคีภัย,0,0,ความประมาทของคนงาน,2552,ผลิตไบโอดีเซล,สมุทรสาคร
398,บ.บางปู เอนไวรอนเมนทอลคอมเพล็ค,อัคคีภัย,0,0,ความประมาทของคนงาน,2552,โรงพักขยะ,สมุทรปราการ
399,บ.เอลเลค แอนด์ เอลเทค,อัคคีภัย,0,0,ความประมาทของคนงาน,2552,ผลิตหรือประกอบผลิตภัณฑ์อิเล็กทรอนิกส์,ปทุมธานี
400,บ.สุขบุญทิพย์,อัคคีภัย,0,0,ไฟฟ้าลัดวงจร,2552,ผลิตชุดชั้นใน,นครปฐม
401,บ.ไทยคูนเวิลด์ไวด์,อัคคีภัย,0,0,ความประมาทของคนงาน,2552,ผลิตเหล็กลวดและสลักเกี่ยว,ระยอง
402,บ.ไทยฮั้วยางพารา,อัคคีภัย,0,0,ความประมาทของคนงาน,2552,ทำยางแผ่นรมควัน,ระยอง
403,บ.โรงแป้งพรกมล,ระเบิด,2,0,ของชำรุด,2552,ผลิตแป้งข้าวจ้าว,ระยอง
404,บ.เจนเนอร์รัล กลาส จก,อัคคีภัย,0,0,ขาดการบำรุงรักษา,2552,ทำขวดแก้ว,ชลบุรี
405, บ.อุตสาหกรรมสหธัญญพืช,อัคคีภัย,0,0,ไฟฟ้าลัดวงจร,2552,ผลิตเชือกป่าน,สระบุรี
406,บ.ซีพีเอฟ ผลิตภัณอาหาร,ของตกทับ,1,0,ความประมาทของคนงาน,2552,ชำแหละเป็ดไก่,กรุงเทพ
407,บ.ซีพีเอฟ ผลิตภัณอาหาร,ของตกทับ,1,0,ความประมาทของคนงาน,2552,ชำแหละเป็ดไก่,กรุงเทพ
408,บ.สยาม ยี เอสแบตเตอรี่,อัคคีภัย,0,0,ขาดการบำรุงรักษา,2552,ผลิตแบตเตอรี่ชนิดน้ำและชิ้นส่วนแบตเตอรี่ทุกชนิด,สมุทรปราการ
409,บ.เอ เจ รับเบอร์,อัคคีภัย,0,0,ความประมาทของคนงาน,2552,ผลิตยางแผ่นรมควัน,ยะลา
410,บ.เอเชีย พลัสแพค,อัคคีภัย,0,0,ไฟฟ้าลัดวงจร,2552,ผลิตกล่องโฟม,สมุทรปราการ
411,บ.ไทยเยรอน,เครื่องจักรหนีบ,0,1,ความประมาทของคนงาน,2552,ผลิตเส้นใย,อ่างทอง
412,บ.ซีพีเอฟ ผลิตภัณอาหาร,เครื่องจักรหนีบ,1,0,ความประมาทของคนงาน,2552,ชำแหละเป็ดไก่,กรุงเทพ
413,บ.ซีพีเอฟ ผลิตภัณอาหาร,ถูกกระแทก,1,0,ความประมาทของคนงาน,2552,ชำแหละเป็ดไก่,กรุงเทพ
414,หจก เทพทวีโค้ทติ้ง,อัคคีภัย,0,0,ไฟฟ้าลัดวงจร,2552,ผลิตสี,สมุทรปราการ
415,นายเรวัต พรหรมา,อัคคีภัย,0,0,ความประมาทของคนงาน,2552,ทำแผ่นโฟมและฟองน้ำใส่ที่นอน,อยุธยา
416,บ.ไทยเยรอน,ก๊าซรั่ว,4,1,ของชำรุด,2552,ผลิตเส้นใย,สระบุรี
417,,อัคคีภัย,0,0,ไฟฟ้าลัดวงจร,2553,รีดบดผสมยาง,สงขลา
418,,อัคคีภัย,0,0,ความประมาทของคนงาน,2553,ผลิตผ้าใยสังเคราะห์,สมุทรสาคร
419,,อัคคีภัย,0,0,ความประมาทของคนงาน,2553,ผลิตกระแสไฟฟ้าและไอน้ำ,ระยอง
420,,ของตกทับ,0,1,ความประมาทของคนงาน,2553,ผลิตน้ำตาลทรายดิบ ทรายขาว,กาญจนบุรี
421,,ก๊าซแอมโมเนียรั่ว,0,0,ของชำรุด,2553,กลั่นน้ำมัน,กรุงเทพ
422,,อัคคีภัย,0,0,ความประมาทของคนงาน,2553,ผลิตน้ำแข็ง,ขอนแก่น
423,,ของตกทับ,1,0,ความประมาทของคนงาน,2553,ไส ซอย อบ ไม้,สมุทรสาคร
424,,อัคคีภัย,0,0,ไฟฟ้าลัดวงจร,2553,ชำแหละเป็ดไก่,กรุงเทพ
425,,อัคคีภัย,0,0,ไฟฟ้าลัดวงจร,2553,ชำแหละเป็ดไก่,กรุงเทพ
426,,อัคคีภัย,0,0,ออกแบบไม่ถูกต้อง,2553,ทอผ้า,นครปฐม
427,,ก๊าซรั่ว,9,0,ของชำรุด,2553,หลอมโลหะ,สมุทรสาคร
428,,ก๊าซแอมโมเนียรั่ว,0,0,ของชำรุด,2553,ทอผ้า,ฉะเชิงเทรา
429,,อัคคีภัย,91,0,ความประมาทของคนงาน,2553,ผลิตแผ่นโฟมและภาชนะ,นครปฐม
430,,อัคคีภัย,0,0,ไฟฟ้าลัดวงจร,2553,ผลิตเม็ดพลาสติก,ระยอง
431,,อัคคีภัย,0,0,ไฟฟ้าลัดวงจร,2553,ผลิตน้ำแข็ง,กรุงเทพ
432,,ระเบิด,5,2,ของชำรุด,2553,หลอมอลูมิเนียม,สมุทรสาคร
433,,ก๊าซแอมโมเนียรั่ว,97,0,ของชำรุด,2553,ชำแหละเป็ดไก่,ชลบุรี
434,,ระเบิด,3,1,ของชำรุด,2553,ทำยางแผ่นรีเครม,กรุงเทพ
435,,อัคคีภัย,0,3,ไฟฟ้าลัดวงจร,2553,ผลิตรองเท้า,สมุทรปราการ
436,,อัคคีภัย,0,0,ไฟฟ้าลัดวงจร,2553,ทอผ้า,สมุทรสาคร
437,,ถูกกระแทก,1,0,ความประมาทของคนงาน,2554,ชำแหละเป็ดไก่,กรุงเทพ
438,,อัคคีภัย,0,0,ของชำรุด,2554,กลั่นน้ำมัน,กรุงเทพ
439,,อัคคีภัย,0,0,ไฟฟ้าลัดวงจร,2554,ผลิตยาง,กรุงเทพ
440,,อัคคีภัย,0,0,ไฟฟ้าลัดวงจร,2554,ทำชิ้นส่วนเฟอร์นิเจอร์,สุพรรณบุรี
441,,เครื่องจักรหนีบ,1,0,ความประมาทของคนงาน,2554,ผลิตส่วนประกอบอิเล็กทรอนิกส์,ลำพูน
442,,อัคคีภัย,0,0,ไฟฟ้าลัดวงจร,2554,ชำแหละเป็ดไก่,สมุทรสาคร
443,,อัคคีภัย,0,0,ของชำรุด,2554,ผลิตเม็ดพลาสติก,ระยอง
444,,ถูกหนีบ,1,0,ความประมาทของคนงาน,2554,ผลิตส่วนประกอบอิเล็กทรอนิกส์,ลำพูน
445,,อัคคีภัย,0,0,ของชำรุด,2554,ชำแหละเป็ดไก่,กรุงเทพ
446,,อัคคีภัย,3,0,ของชำรุด,2554,ประกอบรถยนต์,สมุทรปราการ
447,,อัคคีภัย,8,0,ของชำรุด,2554,ผลิตแป้งมันสำปะหลัง,นครราชสีมา
448,,อัคคีภัย,0,0,ไฟฟ้าลัดวงจร,2554,ผลิตพลาสติก,สมุทรสาคร
449,,อัคคีภัย,12,3,ไฟฟ้าลัดวงจร,2554,ผลิตน้ำจิ้ม,นครปฐม
450,,อัคคีภัย,9,0,ของชำรุด,2554,พ่นสีผลิตภัณฑ์,นนทบุรี
451,,อัคคีภัย,16,0,ไฟฟ้าลัดวงจร,2555,ผลิตสีน้ำมัน,ฉะเชิงเทรา
452,,อัคคีภัย,0,0,ไฟฟ้าลัดวงจร,2555,ทำเครื่องจากเรือนไม้,กรุงเทพ
453,,อัคคีภัย,0,0,ไฟฟ้าลัดวงจร,2555,ผลิตยาง,กรุงเทพ
454,,อัคคีภัย,5,3,ของชำรุด,2555,สกรีนเสื้อผ้า,กรุงเทพ
455,,สารเคมีรั่วไหล,1,0,ความประมาทของคนงาน,2555,ชำแหละเป็ดไก่,กรุงเทพ
456,,อัคคีภัย,100,0,ความประมาทของคนงาน,2555,ผลิตอาหารแช่แข็ง,สมุทรสาคร
457,,ถูกบาด,1,0,ความประมาทของคนงาน,2555,ผลิตแผ่นเหล็ก,ระยอง
458,,อัคคีภัย,0,0,ของชำรุด,2555,ถักผ้ายืด,ปราจีนบุรี
459,,อัคคีภัย,0,0,ของชำรุด,2555,ฟอกย้อมผ้า,ปราจีนบุรี
460,,อัคคีภัย,0,0,ไฟฟ้าลัดวงจร,2555,ผลิตพลุดอกไฟ้เพลิง,สระบุรี
461,,อัคคีภัย,0,0,ของชำรุด,2555,ฟอกย้อมผ้า,สมุทรสาคร
462,,อัคคีภัย,0,0,ไฟฟ้าลัดวงจร,2555,ทอผ้า,กรุงเทพ
463,,อัคคีภัย,0,0,สภาพอากาศ,2555,ทอผ้า,สมุทรปราการ
464,,ถูกทับ,1,0,ความประมาทของคนงาน,2555,ชำแหละเป็ดไก่,กรุงเทพ
465,,สารเคมีรั่วไหล,22,0,ความประมาทของคนงาน,2555,ซักรีดเสื้อผ้า,ปทุมธานี
466,,อัคคีภัย,0,0,ไฟฟ้าลัดวงจร,2555,ตัดขึ้นรูปฟองน้ำ,ปทุมธานี
467,,อัคคีภัย,3,0,ขาดการบำรุงรักษา,2555,ผลิตน้ำแข็ง,สระบุรี
468,,อัคคีภัย,0,0,ไฟฟ้าลัดวงจร,2555,ทำกรอบไม้,กรุงเทพ
469,,อัคคีภัย,0,0,ไฟฟ้าลัดวงจร,2555,ผลิตชิ้นส่วนรถยนต์,กรุงเทพ
470,,อัคคีภัย,0,0,ไฟฟ้าลัดวงจร,2555,ทำผลิตภัณฑ์สิงทอ,สมุทรสาคร
471,,ถูกบาด,1,0,ความประมาทของคนงาน,2555,ชำแหละเป็ดไก่,กรุงเทพ
472,,อัคคีภัย,0,0,ไฟฟ้าลัดวงจร,2555,ทำเส้ยใย,สระบุรี
473,,อัคคีภัย,0,0,ความประมาทของคนงาน,2555,ศูนย์บริการรถยนต์,ปทุมธานี
474,,อัคคีภัย,3,0,ของชำรุด,2555,หลอมฉีดอะลูมิเนียม,กรุงเทพ
475,,ก๊าซรั่ว,0,5,ความประมาทของคนงาน,2555,ผลิตก๊าซชีวภาพ,ราชบุรี
476,,อาคารถล่ม,5,1,ออกแบบไม่ถูกต้อง,2555,ถักทอลูกไม้,นครปฐม
477,,อัคคีภัย,3,0,ไฟฟ้าลัดวงจร,2555,ผลิตครีมเทียม,สมุทรสาคร
478,,ระเบิด,0,0,ของชำรุด,2555,ผลิตน้ำซุปจากสัตว์,สมุทรปราการ
479,,อัคคีภัย,0,0,ไฟฟ้าลัดวงจร,2555,ทำผลิตภัณฑ์จากสิ้งทอ,สระบุรี
480,,ระเบิด,0,0,ของชำรุด,2555,ผลิตน้ำดื่มสมุนไพร,สมุทรปราการ
481,,อัคคีภัย,0,0,ของชำรุด,2555,กลั่นน้ำมัน,กรุงเทพ
482,,อัคคีภัย,0,0,ไฟฟ้าลัดวงจร,2555,สีข้าว,สุรินทร์
483,,อัคคีภัย,0,0,ไฟฟ้าลัดวงจร,2555,ผลิตที่นอน,กรุงเทพ
484,,ก๊าซแอมโมเนียรั่ว,14,0,ของชำรุด,2555,ผลิตอาหารทะเลแช่แข็ง,ระนอง
485,,อัคคีภัย,0,0,ไฟฟ้าลัดวงจร,2555,ผลิตเสื้อชูชีพ,สมุทรปราการ
486,,อัคคีภัย,0,0,ไฟฟ้าลัดวงจร,2555,ผลิตเยื่อกระดาษ,ขอนแก่น
487,,อัคคีภัย,0,0,ไฟฟ้าลัดวงจร,2555,ทำของใช้ต่างๆจากอะลูมิเนียม,กรุงเทพ
488,,อัคคีภัย,7,0,ความประมาทของคนงาน,2555,ผลิตแป้งมันสำปะหลัง,นครราชสีมา
489,,อาคารถล่ม,12,1,ของชำรุด,2555,ผลิตกระเบื้องเดินเผาเซรามิค,สระบุรี
490,,ก๊าซแอมโมเนียรั่ว,17,0,ขาดการบำรุงรักษา,2555,ผลิตน้ำแข็ง,กรุงเทพ
491,,ระเบิด,9,0,ความประมาทของคนงาน,2555,ผลิตผลิตภัณฑ์คอนกรีด,ราชบุรี
492,,อัคคีภัย,0,0,ไฟฟ้าลัดวงจร,2555,ทำผลิตภัณฑ์สำเร็จรูป,สระบุรี
493,,อัคคีภัย,0,0,ของชำรุด,2555,ทอผ้า,สมุทรสาคร
494,บ.อาร์ทีดีอุตสาหกรรมจก.,อัคคีภัย,0,0,ไฟฟ้าลัดวงจร,2556,ฟอกย้อมผ้า,ราชบุรี
495,บ.วิทย์คอร์ปโปดักส์,อัคคีภัย,0,0,ของชำรุด,2556,แบ่งบรรจุเคมี,สมุทรปราการ
496,บ.จงเฉวียน อีเล็คทริก,อัคคีภัย,0,0,ไฟฟ้าลัดวงจร,2556,ผลิตหน้ากากหม้อรถยนต์,ปทุมธานี
497,นายนาเคนทร์,อัคคีภัย,0,0,ไฟฟ้าลัดวงจร,2556,ทอผ้า,ราชบุรี
498,บ.สุพรีม พลาสติกอินดีสตรี้,อัคคีภัย,0,0,ของชำรุด,2556,ทำผลิตภัณฑ์จากพลาสติก,ชลบุรี
499,บ.แอดวานซ์ อะโกรเพาเวอร์,ของตกทับ,0,1,ของชำรุด,2556,ผลิตไฟฟ้า,นครราชสีมา
500,นายสุรพงษ์ พรมคุณ,ระเบิด,2,1,ความประมาทของคนงาน,2556,ทำบั้งไฟ,หนองบัวลำภู
501,บ.เซาท์ แลนด์ รับเบอร์,อัคคีภัย,2,0,ของชำรุด,2556,ผลิตยางแผ่นรมควัน,ยะลา
502,บ.โรจนะเพาเวอร์ จำกัด,อัคคีภัย,0,0,ความประมาทของคนงาน,2556,ผลิตกระแสไฟฟ้าและไอน้ำ,อยุธยา
503,บ.โรงสีไทยเจริญพาณิชย์,อัคคีภัย,0,0,ไฟฟ้าลัดวงจร,2556,อบเมล็ดข้าวเปลือก,พิษณุโลก
504,หจก.โรงน้ำแข็งกรเดช,ก๊าซแอมโมเนียรั่ว,0,0,ของชำรุด,2556,ผลิตน้ำแข็ง,กาฬสินธุ์
505,บ.แวกซ์ กาเบ็จ รีไซเคิล,อัคคีภัย,0,0,ไฟฟ้าลัดวงจร,2556,ผลิตเคมีภัณฑ์,ราชบุรี
506,บ.ลาเพิร์ท,อัคคีภัย,0,0,ความประมาทของคนงาน,2556,บรรจุประทัด,ระยอง
507,บ.วิมานน้ำแข็งหลอด,ก๊าซแอมโมเนียรั่ว,7,0,ของชำรุด,2556,ผลิตน้ำแข็ง,ชลบุรี
508,นางสาวสงวน กุทาพันธ์,ระเบิด,1,3,ความประมาทของคนงาน,2556,ทำประทัด,สุพรรณบุรี
509,หจก.น้ำแข็งสุวัฒน์,ก๊าซแอมโมเนียรั่ว,2,0,ขาดการบำรุงรักษา,2556,ผลิตน้ำแข็ง,อุตรดิตถ์
510,บ.วีอาร์ฟูดส์ ,อัคคีภัย,0,0,ไฟฟ้าลัดวงจร,2556,ผลิตผัก,สมุทรสาคร
511,นาย พรหรมพล ตรีวิศวเวทย์,ของตกทับ,0,2,ความประมาทของคนงาน,2556,ขุดดินลูกรังเพื่อการก่อสร้าง,สระบุรี
512,หจก.ธาราทิพย์,ก๊าซแอมโมเนียรั่ว,0,0,ขาดการบำรุงรักษา,2556,ผลิตน้ำแข็ง,ขอนแก่น
513,บ.โรงงานน้ำตาลบุรีรัมย์,อัคคีภัย,0,0,ไฟฟ้าลัดวงจร,2556,ทำน้าตาลทรายขาว,บุรีรัมย์
514,หจก.เอี่ยมค้ำถัง,อัคคีภัย,0,0,ไฟฟ้าลัดวงจร,2556,คัดแยกขยะ,สมุทรสาคร
515,ยูติก้า,อัคคีภัย,0,0,ไฟฟ้าลัดวงจร,2556,ผลิตเครื่องกรองน้ำ,สมุทรปราการ
516,นายมงคล อมรโรจน์วรวุฒิ,อัคคีภัย,0,0,ความประมาทของคนงาน,2556,ลานมันเส้น,ศรีสะเกษ
517,บ.ไอดีพี โปรดักซ์,อัคคีภัย,0,0,ของชำรุด,2556,ผลิตผลิตภัณฑ์จากพลาสติก,อยุธยา
518,บ.โฟร์ชันส์,อัคคีภัย,0,0,ของชำรุด,2556,บดเศษพลาสติก,ชลบุรี
519,บ.จตุพร รีไซเคิล,อัคคีภัย,0,0,ความประมาทของคนงาน,2556,แยกขยะ,สมุทรปราการ
520,บ.แปลน อีโคเอ็นเนอร์ยี่,ที่อับอากาศ,2,2,ความประมาทของคนงาน,2556,ผลิตไฟฟ้า,ตรัง
521,บ.เอลล์บา บางกอก ,อัคคีภัย,0,0,ของชำรุด,2556,ปรับปรุงคุณภาพข้าว,สระบุรี
522,หจก.ร่วมเจริญ,อัคคีภัย,0,0,ไฟฟ้าลัดวงจร,2556,ทำโครงจักรยาน,กรุงเทพ
523,หจก.เค เอ เพ้นท์,อัคคีภัย,0,0,ความประมาทของคนงาน,2556,ผลิตสีพ่นรถยนต์,สมุทรสาคร
524,บ.เฮ กวาง,อัคคีภัย,0,0,ไฟฟ้าลัดวงจร,2556,ผลิตชิ้นส่วนอุปกรณ์อิเล็กทรอนิกส์,ชลบุรี
525,บ.พี เจ ชลบุรี พาราวู้ด,อัคคีภัย,2,0,ไฟฟ้าลัดวงจร,2556,แปรรูปไม้ยางพารา,ชลบุรี
526,นางสาว สุนทรี แซ่เฮง,อัคคีภัย,0,0,ไฟฟ้าลัดวงจร,2556,คัดแยกขยะ,สุพรรณบุรี
527,บ.สหฟาร์ม,อัคคีภัย,0,0,ไฟฟ้าลัดวงจร,2556,ชำแหละเป็ดไก่,ลพบุรี
528,บ.รุ่งทวี เทรดดิ้ง,อัคคีภัย,0,0,ไฟฟ้าลัดวงจร,2556,ทำชิ้นส่วนรถยนต์,นครปฐม
529,บ.ปฐมชัยไฮเทค,อัคคีภัย,1,0,ไฟฟ้าลัดวงจร,2556,ผลิตน้ำมันเชื้อเพลิง,นครปฐม
530,นาย มานัส วีระกุล,อัคคีภัย,0,0,ไฟฟ้าลัดวงจร,2556,ทำมันเส้น,สระแก้ว
531,บ.อาร์ค คอร์เปอเรชั่น,อัคคีภัย,0,0,ไฟฟ้าลัดวงจร,2556,ทำชิ้นส่วนรถยนต์,ปทุมธานี
532,บ.สยามแผ่นเหล็กวิลาส,ระเบิด,1,1,ความประมาทของคนงาน,2556,ผลิตแผ่นเหล็กเคลือบ,ระยอง
533,บ.ไทยสเปเชี่ยลแก๊ส,ระเบิด,1,0,ของชำรุด,2556,บรรจุก๊าซไนโตรเจน,ปทุมธานี
534,บ.ไพร์ชออฟวู้ด,อัคคีภัย,0,0,ไฟฟ้าลัดวงจร,2556,ทำวงกบประตู,ปทุมธานี
535,บ.ซีทีเอฟ,ถูกบาด,1,0,ความประมาทของคนงาน,2556,ชำแหละเป็ดไก่,กรุงเทพ
536,บ.พงษ์เจริญแอลฟัสท์,อัคคีภัย,0,0,ไฟฟ้าลัดวงจร,2556,ผลิตแอสฟัสท์ติกคอนกรีต,ชลบุรี
537,โรงแยกก๊าซ,ฟ้าผ่า,0,0,สภาพอากาศ,2556,แยกก๊าซธรรมชาติ,ระยอง
538,บ.ซีพีเอฟ ผลิตภัณอาหาร,เครื่องจักรหนีบ,1,0,ความประมาทของคนงาน,2556,หมักไก่และทำอาหาร,กรุงเทพ
539,บ.เอสอาร์เอฟ,อัคคีภัย,0,0,ไฟฟ้าลัดวงจร,2556,ผลิตผ้าใบยางรถ,ระยอง
540,บ.วงศ์บัณทิต,อัคคีภัย,0,0,ความประมาทของคนงาน,2556,ผลิตยางแผ่นรมควัน,ชุมพร
541,บ.สงวนสินร่วมกิจ,ก๊าซแอมโมเนียรั่ว,0,0,ขาดการบำรุงรักษา,2556,ทำกระดาษคราฟ,ปทุมธานี
542,นายสมชาย จัททร์เรือง,อัคคีภัย,0,0,ไฟฟ้าลัดวงจร,2556,ผลิตน้ำแข็ง,กรุงเทพ
543,บ.ศรีแสงดาวไบโอพาเวอร์,เครื่องจักรหนีบ,1,0,ความประมาทของคนงาน,2556,ทำที่นอนจากโฟม,ปทุมธานี
544,บ.กสิสุรีย์,อัคคีภัย,0,0,ไฟฟ้าลัดวงจร,2556,ผลิตไฟฟ้า,ร้อยเอ็ด
545,บ.ซันเด้น อินเตอร์คูล,อัคคีภัย,0,0,ไฟฟ้าลัดวงจร,2556,สกัดน้ำมันพืช,ลำพูน
546,บ.พีเอสมลล็อแมก,อัคคีภัย,0,0,ไฟฟ้าลัดวงจร,2556,ผลิตตู้แช่,สิงห์บุรี
547,บ.ซีพีเอฟ ผลิตภัณอาหาร,เครื่องจักรหนีบ,1,0,ความประมาทของคนงาน,2556,ชำแหละเป็ดไก่,กรุงเทพ
548,บ.สุนทรีธัญญะ,ของตกทับ,0,1,ความประมาทของคนงาน,2556,สีข้าว,สุพรรณบุรี
549,หจก.มารุตและขนมศิริพรรณ,อัคคีภัย,0,0,ความประมาทของคนงาน,2556,ผลิตขนม,ปทุมธานี
550,บ.4 โพลาแบร์,ก๊าซแอมโมเนียรั่ว,0,0,ของชำรุด,2556,ผลิตน้ำแข็ง,ปัตตานี
551,บ.วาย ที รับเบอร์,อัคคีภัย,0,0,ของชำรุด,2556,ผลิตยางพาราอัดแท่ง,สุราษฏร์ธานี
552,บ.ไทยอุตสาหกรรม,อัคคีภัย,0,0,ของชำรุด,2556,ผลิตกระเบื้อง,สมุทรสาคร
553,บ.ไทยเทพรส,ของตกทับ,0,1,สภาพอากาศ,2556,ทำซอส,สมุทรปราการ
554,บ.มาบตาพุด,อัคคีภัย,0,0,ของชำรุด,2556,ท่าเทียบเรือ,ระยอง
555,นายอารีย์ เลิศรัตน์,ระเบิด,1,2,ความประมาทของคนงาน,2556,ทำดอกไม้เพลิง,เชียงใหม่
556,บ.ซีพีเอฟ ผลิตภัณอาหาร,ของตกทับ,1,0,ความประมาทของคนงาน,2556,ชำแหละเป็ดไก่,กรุงเทพ
557,บ.โกลว์ เอสพีพี,อัคคีภัย,0,0,ไฟฟ้าลัดวงจร,2556,ผลิตไฟฟ้า,ระยอง
558,บ.ไอเอสซีเอ็ม,อัคคีภัย,0,0,ของชำรุด,2556,ผลิตกล่องกระดาษ,สงขลา
559,บ.สยามแฟ็ท,อัคคีภัย,4,0,ของชำรุด,2556,ทำน้ำมันพืช,สมุทรสาคร
560,หจก.บุญทวี รีไซเคิล แอนด์ เซอร์วิส,อัคคีภัย,0,0,ไฟฟ้าลัดวงจร,2556,คัดแยกขยะ,ชลบุรี
561,บ.เกษมศักดิ์ เทรดดิ้ง,ระเบิด,5,0,ของชำรุด,2556,ทำที่นอน,ชลบุรี
562,บ.ซีพีเอฟ ผลิตภัณอาหาร,ลื่นล้ม,1,0,ความประมาทของคนงาน,2556,ชำแหละเป็ดไก่,กรุงเทพ
563,บ.วู้ดเวอร์คอังสุธน,อัคคีภัย,0,0,ไฟฟ้าลัดวงจร,2556,แปรรูปไม้ยางพารา,สตูล
564,บ.ปูนซีเมนต์ไทย,ตกจากที่สูง,0,1,ความประมาทของคนงาน,2556,ผลิตปูน,ลำปาง
565,บ.เอเชียอินดัสเตรียล,ระเบิด,1,1,ความประมาทของคนงาน,2556,บรรจุก๊าซออกซิเจน,สุรินทร์
566,บ.คัดแยกขยะเพื่อรีไซเคิล,อัคคีภัย,0,0,ไฟฟ้าลัดวงจร,2556,คัดแยกขยะ,อยุธยา
567,บ.ไทยคาร์บอนแบลก,อัคคีภัย,0,0,ไฟฟ้าลัดวงจร,2556,ผลิตผงคาร์บอน,อ่างทอง
568,สถานีบริการก๊าซธรรมชาตื,อัคคีภัย,0,0,ของชำรุด,2556,แบ่งบรรจุก๊าซ NGV,กรุงเทพ
569,บ.ซีพีเอฟ ผลิตภัณอาหาร,มีดบาด,1,0,ความประมาทของคนงาน,2556,ชำแหละเป็ดไก่,กรุงเทพ
570,บ.ซีอาร์ซี ครีเอชั่น,อัคคีภัย,0,0,ไฟฟ้าลัดวงจร,2556,ผลิตเสื้อผ้า,เพชรบุรี
571,บ.ไทยอารี อินเตอร์เท็ก,ตกลงไปในบ่อ,0,1,ความประมาทของคนงาน,2556,ฟอกย้อมผ้า,ราชบุรี
